"tTipoAparato","iNumFases","iFrecuencia","tTipoArreglo","dRelTransformacion","bLlevaTerciario","IDevCercano","IVoltDefPor","DVoltSistGen","dVoltajeSistAT","dVoltajeSistATInterfaz","dVoltajePrefallaRL","bTerciarioExt","bTerciarioCargado","tNormaGar","iLlevaSerie","MSNM","dZry","dZsh","dZsx","dZts","iLlevaSopApartarrayos","iTipoEmbarque","iPais","iDestino","iAltEmbarqueMax","iAnchoEmbarqueMax","iPesoEmbarqueMax","tTipoNucleoSolicitado","dRuido0","dRuido1","dRuido2","Terciario.tTipoDev","Terciario.tTipoConexion","Terciario.dVoltajeLinea","Terciario.iBilesSup","Terciario.iBilesMed","Terciario.iBilesInf","Terciario.MVA0","Terciario.MVA1","Terciario.MVA2","Terciario.MVA3","Terciario.MVA4","Terciario.MVA5","Terciario.dLimMinDensCorr","Terciario.dLimMaxDensCorr","Terciario.tTipoCond","Terciario.tTipoBobinaFija","Terciario.bLlevaCambiador","Terciario.bCtcPerforado","Terciario.Cambiador.tCambiador","Terciario.Cambiador.iNumPasos","Terciario.Cambiador.dPorcArriba","Terciario.Cambiador.dPorcAbajo","Terciario.Cambiador.bCapReducida","Terciario.Cambiador.dRelSerie","Terciario.Cambiador.tMarcaCambiador","Terciario.Cambiador.tTipoLR","Terciario.Cambiador.tTipoCambiador","Terciario.Cambiador.bCircExtra","Enfriamiento.bLlevaSobrecarga","Enfriamiento.iNumPasosEnfto","Enfriamiento.t_TipoEnftoP1","Enfriamiento.t_TipoEnftoP2","Enfriamiento.t_TipoEnftoP3","Enfriamiento.i_ElevTempP1","Enfriamiento.i_ElevTempP2","Enfriamiento.i_ElevTempP3","Enfriamiento.i_ElevTempP4","Enfriamiento.i_ElevTempP5","Enfriamiento.bLlevaConservador","Enfriamiento.i_HSRElev1","Enfriamiento.i_HSRElev2","Enfriamiento.i_HSRElev3","Enfriamiento.i_HSRElev4","Enfriamiento.i_HSRElev5","Enfriamiento.i_TORElev1","Enfriamiento.i_TORElev2","Enfriamiento.i_TORElev3","Enfriamiento.i_TORElev4","Enfriamiento.i_TORElev5","Enfriamiento.iCFM","Enfriamiento.tTipoRadiador","Garantias.dCapPerd","Garantias.dPerdCu","Garantias.dPerdCuInterfaz","Garantias.dPerdFe","Garantias.dPerdTot","Garantias.dCapImp","Garantias.dImpHX","Garantias.dEvPerdCu","Garantias.dEvPerdFe","Garantias.dDensFlujoGar","Garantias.dCapEficReg","Garantias.dCapExcitacion","Garantias.dPorcExcitacionGar","Garantias.dFactorPotGar","Garantias.dVoltMaxSinCarga","Garantias.dVoltMaxCarga","Garantias.dTemperatura","Garantias.dPorcEficGar","Garantias.dDilFasesInfCap1Grupo1","Garantias.dDilFasesMedCap1Grupo1","Garantias.dDilFasesSupCap1Grupo1","Configurables.bFreeBuckling","Configurables.iUsarColectores","Configurables.bNucleo3PAchatado","Configurables.bUsarDosCapas","Configurables.iAparatoFIT","Configurables.iAparatoGS","Configurables.bOptimizarConCosto","Configurables.bUsarGyC","Configurables.iDiamNucleoGyC","Configurables.dDenFlujoGyC","Configurables.dDenCorrBTGyC","Configurables.dDenCorrATGyC","Configurables.dPotencialAplicadoAT","Configurables.dPotencialAplicadoBT","Configurables.dImpulsoManiobraAT","Nucleo.dDiamNucleoMin","Nucleo.dDiamNucleoMax","Nucleo.dDensFlujoMin","Nucleo.dDensFlujoMax","Nucleo.tTipoNucleo","Nucleo.tTipoLamina","Nucleo.bOpcionLamina0","Nucleo.bOpcionLamina1","Nucleo.bOpcionLamina2","Nucleo.bOpcionLamina3","SobreCarga.bCalculaSC","SobreCarga.iDuracionPrueba","Tanque.iSegGarganta","Tanque.iSegENA","Tanque.iSegCBC","Tanque.iSegCSC","Tanque.iSegTorretasAT","Tanque.iSegGabinete","Tanque.iSegConservador","Tanque.iBloqSegmento1","Tanque.iBloqSegmento2","Tanque.iBloqSegmento3","Tanque.iBloqSegmento4","BoquillaAT.dAltColaBoq","BoquillaAT.dDiamExtColaBoqTCs","BoquillaAT.sDescripcionBoq","BoquillaAT.sNoArticulo","BoquillaAT.dDiamExtBrida","BoquillaAT.dDiamDeflSupBoq","BoquillaAT.dLargoColaBoq","BoquillaAT.dDiamColaTCS","BoquillaAT.dDiametroColaInf","BoquillaAT.dDiamExtDisco","BoquillaAT.dDiamExtDiscoDL","BoquillaAT.dEspDiscoDL","BoquillaAT.dDiamCampanaMax","BoquillaAT.dDiamDeflInf","BoquillaAT.dDiamMaxColaBoq","BoquillaAT.dLongBoqNMA","BoquillaAT.dLargoSuperior","BoquillaAT.iLlevaDeflector","BoquillaAT.dAlturaDef","BoquillaAT.dDrawLeadPin","BoquillaAT.dNivelAceite","BoquillaAT.iUbicacion"
"2","3","60",16,1,"0",NA,NA,NA,400,400,100,"0","0","0","0",1000,0,0,0,0,"0","2","0","0",0,0,0,"32",85,85,85,NA,NA,NA,NA,NA,NA,NA,NA,NA,NA,NA,NA,NA,NA,NA,NA,NA,NA,NA,NA,NA,NA,NA,NA,NA,NA,NA,NA,"0",3,"6","7","7","65","65","65","-1","-1","1",80,80,80,80,0,65,65,65,65,0,"7400","2","240",0,0,0,0,240,9,1000,1000,17273,"400","240",0,0.8,1.1,1.05,85,99.7,NA,NA,NA,"1","0",0,"1",NA,NA,"0",1,0,0,0,0,NA,NA,NA,1037,1200,1.4,1.727,"32",9,"1","0","1","0",NA,NA,0,"0","0","4","3","4","4",NA,NA,NA,NA,0,0,"420Z1600AB","PF887",597,407,1632,NA,NA,NA,NA,NA,475,369,430,NA,NA,NA,NA,NA,NA,NA
"2","3","60",16,1,"0",NA,NA,NA,345,345,100,"0","0","0","0",1000,0,0,0,0,"0","1","2","19",0,0,0,"32",0,0,0,NA,NA,NA,NA,NA,NA,NA,NA,NA,NA,NA,NA,NA,NA,NA,NA,NA,NA,NA,NA,NA,NA,NA,NA,NA,NA,NA,NA,"0",3,"6","7","7","65","65","65","-1","-1","1",80,80,80,80,0,65,65,65,65,0,"7400","2","300",0,0,0,0,300,10,0,0,17273,"300","300",0,0.8,1.1,1.05,85,0,NA,NA,NA,"1","-1",0,"1",NA,NA,"0",1,0,0,0,0,NA,NA,NA,1046,1200,1.4,1.727,"32",9,"1","0","0","0",NA,NA,0,"0","0","4","0","1","4",NA,NA,NA,NA,0,0,"POC1175G1216CMS","PU75",584,356,1295,NA,NA,NA,NA,NA,368,267,318,NA,NA,NA,NA,NA,NA,NA
"2","3","60",17,1,"0",NA,NA,NA,230,230,100,"0","0","0","0",1000,0,0,0,0,"0","2","0","0",0,0,0,"30",0,0,0,NA,NA,NA,NA,NA,NA,NA,NA,NA,NA,NA,NA,NA,NA,NA,NA,NA,NA,NA,NA,NA,NA,NA,NA,NA,NA,NA,NA,"0",2,"6","7","-1","65","65","-1","-1","-1","1",80,80,0,0,80,65,65,0,0,65,"7400","2","150",0,0,0,0,150,10,0,0,17273,"150","150",0,0.8,1.1,1.05,85,0,NA,NA,NA,"0","0",0,"0",NA,NA,NA,NA,NA,NA,NA,NA,NA,NA,NA,785,1020,1.4,1.727,"30",2,"0","1","0","0",NA,NA,0,"4","2","0","0","4","4",NA,NA,NA,NA,0,0,"230W0800VQ","PC696",597,368,1525,NA,NA,NA,NA,NA,412,254,429,NA,NA,NA,NA,NA,NA,NA
"2","3","60",17,1,"0",NA,NA,NA,115,115,100,"0","0","0","0",1000,0,0,0,0,"0","2","0","0",0,0,0,"30",74,77,77,NA,NA,NA,NA,NA,NA,NA,NA,NA,NA,NA,NA,NA,NA,NA,NA,NA,NA,NA,NA,NA,NA,NA,NA,NA,NA,NA,NA,"0",3,"6","7","7","65","65","65","-1","-1","1",80,80,80,0,0,65,65,65,0,0,"7400","2","24",0,0,0,0,24,7.2,0,0,17150,"24","24",0,0.8,1.1,1.05,85,0,NA,NA,NA,"0","0",0,"0",NA,NA,NA,NA,NA,NA,NA,NA,NA,NA,NA,0,0,162.925,1.7273,"30",9,"1","0","0","0",NA,NA,0,"0","2","0","0","4","4",NA,NA,NA,NA,0,0,"POC550G0800S","HQ86",387,235,1092,NA,NA,NA,NA,NA,279,165,187,NA,NA,NA,NA,NA,NA,NA
"2","3","60",3,1,"1",NA,NA,NA,230,230,100,"0","0","0","0",2069,0,0,0,0,"0","2","0","0",0,0,0,"30",81,83,84,0,5,9.95,110,110,110,26.25,35,43.75,-1,-1,0,1.4,0,-1,0,"0",0,"0",0,0,0,0,1,"-1","-1","-1","0","0",3,"6","7","7","65","65","65","-1","-1","1",80,80,80,80,80,65,65,65,65,65,"7400","2","75",125,125,50.5,0,75,9,1000,8400,17273,"75","75",0,0.8,1.1,1.05,85,99.5,NA,NA,NA,"0","0",0,"0",NA,NA,"0",1,0,0,0,0,NA,NA,NA,659,959,1.4,1.727,"30",10,"0","0","1","0",NA,NA,0,"0","2","0","0","2","4",NA,NA,NA,NA,0,0,"POC900G2500Z087","PI203",584,267,1511,NA,NA,NA,NA,NA,316,267,257,NA,NA,NA,NA,NA,NA,NA
"2","3","60",16,1,"0",NA,NA,NA,23,23,100,"0","0","0","0",1000,0,0,0,0,"0","1","0","54",0,0,0,"30",71,73,74,NA,NA,NA,NA,NA,NA,NA,NA,NA,NA,NA,NA,NA,NA,NA,NA,NA,NA,NA,NA,NA,NA,NA,NA,NA,NA,NA,NA,"0",3,"6","7","7","65","65","65","-1","-1","1",80,80,80,80,80,65,65,65,65,65,"7400","2","18",0,0,0,0,18,6,1500,1500,17273,"18","18",0,0.8,1.1,1.05,85,0,NA,NA,NA,"0","0",0,"0",NA,NA,NA,NA,NA,NA,NA,NA,NA,NA,NA,300,576,1.4,1.727,"30",9,"1","0","1","0",NA,NA,0,"0","0","4","0","1","4",NA,NA,NA,NA,0,0,"025W0412AT","EF72",229,151,750,NA,NA,NA,NA,NA,206,38.1,90,NA,NA,NA,NA,NA,NA,NA
"2","3","60",17,1,"0",NA,NA,NA,230,230,100,"0","0","3","0",2500,0,0,0,0,"0","2","0","0",0,0,0,"30",84,86,87,NA,NA,NA,NA,NA,NA,NA,NA,NA,NA,NA,NA,NA,NA,NA,NA,NA,NA,NA,NA,NA,NA,NA,NA,NA,NA,NA,NA,"0",3,"6","7","7","65","65","65","-1","-1","1",80,80,80,0,0,55,55,55,0,0,"7400","2","135",0,0,0,0,135,9.82,0,0,17273,"135","135",0,0.8,1.1,1.05,85,0,NA,NA,NA,"0","-1",1,"0",NA,NA,NA,NA,NA,NA,NA,NA,NA,NA,NA,768,1020,1.4,1.727,"30",9,"1","0","1","0",NA,NA,0,"0","2","0","0","2","4",NA,NA,NA,NA,0,0,"ETA-252/2000-4","PK175",550,380,1075,NA,NA,NA,NA,NA,424,0,220,NA,NA,NA,NA,NA,NA,NA
"2","3","60",17,1,"0",NA,NA,NA,115,115,100,"0","0","3","0",2500,0,0,0,0,"0","2","0","0",0,0,0,"30",0,0,85,NA,NA,NA,NA,NA,NA,NA,NA,NA,NA,NA,NA,NA,NA,NA,NA,NA,NA,NA,NA,NA,NA,NA,NA,NA,NA,NA,NA,"0",3,"6","7","7","65","65","65","-1","-1","1",80,80,80,0,0,55,55,55,0,0,"7400","2","135",0,0,0,0,135,9.82,0,0,17273,"135","135",0,0.8,1.1,1.05,85,0,NA,NA,NA,"0","-1",1,"0",NA,NA,NA,NA,NA,NA,NA,NA,NA,NA,NA,0,0,1.4,1.727,"30",9,"1","0","0","0",NA,NA,0,"0","2","0","0","2","4",NA,NA,NA,NA,0,0,"ETA-126/2000-4","PK743",400,270,790,NA,NA,NA,NA,NA,340,0,150,NA,NA,NA,NA,NA,NA,NA
"1","3","60",5,1,"1",NA,NA,NA,400,400,100,"1","1","6","0",1000,0,0,0,0,"0","2","0","0",0,0,0,"30",68,70,0,0,5,34.5,200,200,200,21,28,-1,-1,-1,0,1.4,0,1,1,"0",1,"0",0,0,0,0,1,"-1","-1","-1","0","0",2,"6","7","-1","55","55","-1","-1","-1","1",70,70,0,0,0,55,55,0,0,0,"7400","2","86",0,0,0,0,86,7.47,0,0,17273,"86","86",0,0.8,1.1,1.05,75,0,NA,NA,NA,"1","0",0,"0",NA,NA,"0",1,0,0,0,0,NA,NA,NA,603,903,1.4,1.727,"30",9,"1","1","0","0",NA,NA,0,"4","2","0","3","2","4",NA,NA,NA,NA,0,0,"420Z1600AB","PF887",597,407,1632,NA,NA,NA,NA,NA,475,369,430,NA,NA,NA,NA,NA,NA,NA
"2","3","60",3,1,"1",NA,NA,NA,115,115,100,"0","0","6","0",1000,0,0,0,0,"0","1","0","54",0,0,0,"30",80,82,0,0,5,13.8,110,110,110,30,40,-1,-1,-1,0,1.4,2.7,1,0,"0",1,"0",0,0,0,0,1,"-1","-1","-1","0","0",2,"6","7","-1","55","55","-1","-1","-1","1",70,70,0,0,0,55,55,0,0,0,"5250","2","86",0,0,0,0,86,7.47,0,0,17273,"86","86",0,0.8,1.1,1.05,75,0,NA,NA,NA,"1","0",0,"0",NA,NA,"0",1,0,0,0,0,NA,NA,NA,626,926,1.4,1.727,"30",9,"1","0","0","0",NA,NA,0,"4","2","0","0","4","4",NA,NA,NA,NA,0,0,"POC550G1216CMS","RM02",387,235,1092,NA,NA,NA,NA,NA,278,267,187,NA,NA,NA,NA,NA,NA,NA
"2","3","60",17,1,"0",NA,NA,NA,18,18,100,"0","0","3","0",2500,0,0,0,0,"0","1","0","54",0,0,0,"30",71,73,74,NA,NA,NA,NA,NA,NA,NA,NA,NA,NA,NA,NA,NA,NA,NA,NA,NA,NA,NA,NA,NA,NA,NA,NA,NA,NA,NA,NA,"0",3,"6","7","7","65","65","65","-1","-1","1",75,75,75,0,0,65,65,65,0,0,"7400","2","16.5",49.93,49.93,29,0,16.5,7.4,0,0,17273,"16.5","16.5",0,0.8,1.1,1.05,85,0,NA,NA,NA,"0","0",0,"0",NA,NA,NA,NA,NA,NA,NA,NA,NA,NA,NA,300,600,1.4,1.727,"30",9,"1","0","0","0",NA,NA,0,"0","2","0","0","1","4",NA,NA,NA,NA,0,0,"ETA-40.5/4000-3","PJ843",280,245,600,NA,NA,NA,NA,NA,340,0,110,NA,NA,NA,NA,NA,NA,NA
"2","3","60",19,1,"0",NA,NA,NA,115,115,100,"0","0","3","0",2500,0,0,0,0,"0","1","0","54",0,0,0,"30",70,72,0,NA,NA,NA,NA,NA,NA,NA,NA,NA,NA,NA,NA,NA,NA,NA,NA,NA,NA,NA,NA,NA,NA,NA,NA,NA,NA,NA,NA,"0",2,"6","7","-1","55","55","-1","-1","-1","1",65,65,0,0,0,55,55,0,0,0,"7400","2","10",0,0,0,0,10,9,0,0,17273,"10","10",0,0.8,1.1,1.05,75,0,NA,NA,NA,"0","0",1,"0",NA,NA,NA,NA,NA,NA,NA,NA,NA,NA,NA,300,559,1.4,1.727,"30",9,"1","0","0","0",NA,NA,0,"0","4","0","0","1","4",NA,NA,NA,NA,0,0,"ETA-126/1250-4","PJ846",400,270,900,NA,NA,NA,NA,NA,360,141,141,NA,NA,NA,NA,NA,NA,NA
"2","3","60",3,1,"1",NA,NA,NA,345,345,105,"0","0","0","0",1000,0,0,9,0,"0","2","2","0",0,0,0,"30",0,0,0,0,5,13.8,150,150,150,29,38.67,48.33,-1,-1,0,1.4,0,-1,-1,"0",1,"0",0,0,0,0,1,"-1","-1","-1","0","0",3,"6","7","7","65","65","65","-1","-1","1",80,80,80,80,80,65,65,65,65,65,"7400","2","81",0,0,0,0,81,9,3000,2000,17273,"81","81",0,0.8,1.1,1.05,85,0,NA,NA,NA,"0","0",0,"0",NA,NA,NA,NA,NA,NA,NA,NA,NA,NA,NA,0,0,1.4,1.727,"30",10,"1","0","1","0",NA,NA,0,"0","2","0","0","4","4",NA,NA,NA,NA,0,0,"POC1300G0800Y11","PI625",584,356,1334,NA,NA,NA,NA,NA,368.3,267,318,NA,NA,NA,NA,NA,NA,NA
"2","1","60",14,1,"0",NA,NA,NA,138,138,100,"0","0","0","0",1000,0,0,0,0,"0","1","2","10",0,0,0,"12",78,80,81,NA,NA,NA,NA,NA,NA,NA,NA,NA,NA,NA,NA,NA,NA,NA,NA,NA,NA,NA,NA,NA,NA,NA,NA,NA,NA,NA,NA,"0",3,"6","7","7","65","65","65","-1","-1","1",80,80,80,80,80,65,65,65,65,65,"7400","2","60",0,0,0,0,60,8.4,0,0,14430,"60","60",0,0.8,1.1,1.05,85,0,NA,NA,NA,"0","0",0,"0",NA,NA,NA,NA,NA,NA,NA,NA,NA,NA,NA,790,1090,1.4,1.443,"12",9,"1","0","0","0",NA,NA,0,"0","0","4","0","1","4",NA,NA,NA,NA,0,0,"138Z3000AU","PF927",426,214,1187,NA,NA,NA,NA,NA,271,242,203,NA,NA,NA,NA,NA,NA,NA
"2","3","60",14,1,"0",NA,NA,NA,138,138,100,"0","0","0","0",1000,0,0,0,0,"0","1","2","10",0,0,0,"30",72,74,75,NA,NA,NA,NA,NA,NA,NA,NA,NA,NA,NA,NA,NA,NA,NA,NA,NA,NA,NA,NA,NA,NA,NA,NA,NA,NA,NA,NA,"0",3,"6","7","7","65","65","65","-1","-1","1",80,80,80,80,80,65,65,65,65,65,"7400","2","90",0,0,0,0,90,6,0,0,14430,"90","90",0,0.8,1.1,1.05,85,0,NA,NA,NA,"0","0",1,"0",NA,NA,NA,NA,NA,NA,NA,NA,NA,NA,NA,705,1005,1.4,1.443,"30",9,"1","0","0","0",NA,NA,0,"0","0","0","0","1","4",NA,NA,NA,NA,0,0,"138Z3000AU","PF927",426,214,1187,NA,NA,NA,NA,NA,271,242,203,NA,NA,NA,NA,NA,NA,NA
"2","3","60",3,1,"1",NA,NA,NA,230,230,110,"0","0","2","0",1226,0,0,0,0,"0","2","0","0",0,0,0,"30",77,78,80,0,5,13.8,110,110,110,20,27,33,-1,-1,0,1.4,0,-1,0,"0",0,"0",0,0,0,0,1,"-1","-1","-1","0","0",3,"6","7","7","65","65","65","-1","-1","1",58,58,58,0,80,40,40,40,0,65,"7400","2","60",0,0,0,0,60,10.5,0,0,17273,"60","60",0,0.8,1.1,1.05,85,99.57,NA,NA,NA,"1","0",0,"0",NA,NA,NA,NA,NA,NA,NA,NA,NA,NA,NA,0,0,1.4,1.727,"30",9,"1","0","0","0",NA,NA,0,"0","2","0","0","1","4",NA,NA,NA,NA,0,0,"POC900G2500Z087","PI203",584,267,1511,NA,NA,NA,NA,NA,316,267,257,NA,NA,NA,NA,NA,NA,NA
"2","3","60",17,1,"0",NA,NA,NA,115,115,100,"0","0","0","0",1000,0,0,0,0,"0","2","0","0",0,0,0,"30",75,77,0,NA,NA,NA,NA,NA,NA,NA,NA,NA,NA,NA,NA,NA,NA,NA,NA,NA,NA,NA,NA,NA,NA,NA,NA,NA,NA,NA,NA,"0",2,"6","7","-1","65","65","-1","-1","-1","1",80,80,0,0,80,65,65,0,0,65,"7400","2","30",0,0,0,0,30,5.62,0,0,17273,"30","30",0,0.8,1.1,1.05,85,0,NA,NA,NA,"0","0",0,"0",NA,NA,NA,NA,NA,NA,NA,NA,NA,NA,NA,444,744,1.4,1.727,"30",9,"1","0","1","0",NA,NA,0,"0","2","0","0","1","4",NA,NA,NA,NA,0,0,"POC550G0800S","HQ86",387,235,1092,NA,NA,NA,NA,NA,279,165,187,NA,NA,NA,NA,NA,NA,NA
"1","3","60",12,1,"1",NA,NA,NA,69,69,100,"0","0","0","0",1000,0,0,0,0,"0","-1","-1","-1",0,0,0,"30",71,74,0,0,5,13.2,150,150,150,7,8.75,-1,-1,-1,0,1.4,0,1,1,"0",1,"0",0,0,0,0,1,"-1","-1","-1","0","0",2,"6","7","-1","65","65","-1","-1","-1","1",80,80,0,0,80,65,65,0,0,65,"7400","2","20",0,0,0,0,20,7.4,1400,2900,17273,"20","20",0,0.8,1.1,1.05,85,0,NA,NA,NA,"1","0",0,"0",NA,NA,NA,NA,NA,NA,NA,NA,NA,NA,NA,0,0,1.4,1.727,"30",9,"1","0","1","0",NA,NA,0,"0","0","4","0","1","4",NA,NA,NA,NA,0,0,"350-412-210-00","PI031",270,60,952.5,NA,NA,NA,NA,NA,220,38,152,NA,NA,NA,NA,NA,NA,NA
"2","3","60",3,1,"1",NA,NA,NA,230,230,100,"1","1","3","0",2500,0,0,0,0,"0","1","0","54",0,0,0,"30",78,80,81,0,5,15,110,110,110,7.2,9.6,12,-1,-1,0,1.4,0,0,0,"0",0,"0",0,0,0,0,1,"-1","-1","-1","0","0",3,"6","7","7","65","65","65","-1","-1","1",80,80,80,0,0,65,65,65,0,0,"7400","2","36",0,0,0,0,36,10.8,5050,4218,17200,"36","36",0,0.8,1.1,1.05,85,0,NA,NA,NA,"0","0",0,"0",NA,NA,"0",0,0,0,0,0,NA,NA,NA,460,760,1.4,1.727,"30",9,"1","0","1","0",NA,NA,0,"4","2","0","0","4","4",NA,NA,NA,NA,0,0,"ETA-252/1250-3 ","PJ841",550,380,1045,NA,NA,NA,NA,NA,424,0,220,NA,NA,NA,NA,NA,NA,NA
"2","3","60",17,1,"0",NA,NA,NA,122,122,110,"0","0","1","0",1000,0,0,0,0,"0","-1","-1","-1",0,0,0,"30",70,72,0,NA,NA,NA,NA,NA,NA,NA,NA,NA,NA,NA,NA,NA,NA,NA,NA,NA,NA,NA,NA,NA,NA,NA,NA,NA,NA,NA,NA,"0",2,"6","7","-1","65","65","-1","-1","-1","1",80,80,0,0,80,65,65,0,0,65,"7400","2","10",0,0,0,0,10,8.45,0,0,17273,"10","10",0,0.8,1.1,1.05,85,0,NA,NA,NA,"0","0",0,"0",NA,NA,NA,NA,NA,NA,NA,NA,NA,NA,NA,300,567,1.4,1.727,"30",9,"1","0","0","0",NA,NA,0,"0","2","0","0","1","4",NA,NA,NA,NA,0,0,"145G0600AD","HS48",432,229,1118,NA,NA,NA,NA,NA,348,165,222,NA,NA,NA,NA,NA,NA,NA
"2","3","60",19,1,"0",NA,NA,NA,69,69,100,"0","0","0","0",1000,0,0,0,0,"0","2","0","0",0,0,0,"30",74,76,77,NA,NA,NA,NA,NA,NA,NA,NA,NA,NA,NA,NA,NA,NA,NA,NA,NA,NA,NA,NA,NA,NA,NA,NA,NA,NA,NA,NA,"0",3,"6","7","7","55","55","56","-1","-1","1",60,60,60,70,0,45,45,45,55,0,"7400","2","37.6",0,0,0,0,37.6,8.5,0,0,17273,"37.6","37.6",0,0.8,1.1,1.05,75,0,NA,NA,NA,"0","0",0,"0",NA,NA,NA,NA,NA,NA,NA,NA,NA,NA,NA,415,715,1.4,1.727,"30",9,"1","0","0","0",NA,NA,0,"0","2","0","0","1","4",NA,NA,NA,NA,0,0,"069Z0412AN","PF778",280,176,953,NA,NA,NA,NA,NA,207,38.1,147,NA,NA,NA,NA,NA,NA,NA
"2","3","60",3,1,"1",NA,NA,NA,345,345,100,"0","0","0","0",1000,0,0,0,0,"0","1","2","4",0,0,0,"30",82,85,0,0,5,13.8,110,110,110,50,66.67,-1,-1,-1,0,1.4,0,-1,0,"0",0,"0",0,0,0,0,1,"-1","-1","-1","0","0",2,"6","7","-1","65","65","-1","-1","-1","1",80,80,0,0,0,65,65,0,0,0,"7400","2","150",0,0,0,0,150,10.5,0,0,17273,"150","150",0,0.8,1.1,1.05,85,0,NA,NA,NA,"0","0",0,"0",NA,NA,"0",0,0,0,0,0,NA,NA,NA,838,1020,1.4,1.727,"30",9,"1","0","0","0",NA,NA,0,"0","0","4","0","1","4",NA,NA,NA,NA,0,0,"POC1175G1216CMS","PU75",584,356,1295,NA,NA,NA,NA,NA,368,267,318,NA,NA,NA,NA,NA,NA,NA
"2","3","60",4,1,"1",NA,NA,NA,240,240,105,"0","0","1","0",1000,0,0,0,0,"0","2","3","57",0,0,0,"30",0,0,88,0,5,13.8,150,150,150,60.55,80.73,100.92,-1,-1,0,1.4,0,-1,-1,"0",1,"0",0,0,0,0,1,"-1","-1","-1","0","0",3,"6","7","7","65","65","65","-1","-1","1",80,80,80,0,80,65,65,65,0,65,"7400","2","173",0,0,0,0,173,10,12000,15000,17273,"173","173",0,0.8,1.1,1.05,85,0,NA,NA,NA,"1","0",1,"0",NA,NA,"0",1,0,0,0,0,NA,NA,NA,0,0,1.4,1.727,"30",9,"1","0","1","0",NA,NA,0,"0","4","0","0","2","4",NA,NA,NA,NA,0,0,"345Z0800AD","PJ836",597,375,1295,NA,NA,NA,NA,NA,350,292.1,324,NA,NA,NA,NA,NA,NA,NA
"2","3","60",17,1,"0",NA,NA,NA,85,85,100,"0","0","3","0",2500,0,0,0,0,"0","1","0","54",0,0,0,"30",77,0,0,NA,NA,NA,NA,NA,NA,NA,NA,NA,NA,NA,NA,NA,NA,NA,NA,NA,NA,NA,NA,NA,NA,NA,NA,NA,NA,NA,NA,"0",1,"6","-1","-1","65","-1","-1","-1","-1","1",80,0,0,0,80,65,0,0,0,65,"7400","2","42",0,0,0,0,42,16.41,0,0,17273,"42","42",0,0.8,1.1,1.05,85,0,NA,NA,NA,"0","0",0,"0",NA,NA,"0",1,0,0,0,0,NA,NA,NA,351,651,1.4,1.727,"30",9,"1","0","0","0",NA,NA,0,"0","0","4","0","1","4",NA,NA,NA,NA,0,0,"ETA-126/1250-4","PJ846",400,270,900,NA,NA,NA,NA,NA,360,141,141,NA,NA,NA,NA,NA,NA,NA
"1","3","60",10,1,"1",NA,NA,NA,161,161,100,"1","1","0","0",1000,0,0,0,0,"0","2","2","0",0,0,0,"30",0,0,0,0,5,13.8,110,110,110,12,16,20,22.4,-1,0,1.4,0,-1,-1,"0",1,"0",0,0,0,0,1,"-1","-1","-1","0","0",3,"6","7","7","55","55","56","-1","-1","0",70,70,70,80,80,55,55,55,65,65,"7400","2","60",0,0,0,0,60,4.4,5716.67,4620,17273,"60","60",0,0.8,1.1,1.05,75,0,NA,NA,NA,"0","0",0,"0",NA,NA,"0",0,0,0,0,0,NA,NA,NA,0,0,1.4,1.727,"30",9,"1","0","1","0",NA,NA,0,"0","2","4","0","1","0",NA,NA,NA,NA,0,0,"POC750G0800S","PO79",450,267,1276,NA,NA,NA,NA,NA,286,165,225,NA,NA,NA,NA,NA,NA,NA
"2","3","60",14,1,"0",NA,NA,NA,138,138,100,"0","0","0","0",1000,0,0,0,0,"0","1","2","40",0,0,0,"30",67,69,70,NA,NA,NA,NA,NA,NA,NA,NA,NA,NA,NA,NA,NA,NA,NA,NA,NA,NA,NA,NA,NA,NA,NA,NA,NA,NA,NA,NA,"0",3,"6","7","7","65","65","65","-1","-1","1",80,80,80,0,0,65,65,65,0,0,"5250","2","60",0,0,0,0,60,6,5000,5000,14000,"60","60",0,0.8,1.1,1.05,85,0,NA,NA,NA,"0","0",0,"0",NA,NA,"0",0,0,0,0,0,NA,NA,NA,623,923,1.3,1.438,"30",10,"0","0","1","0",NA,NA,0,"2","0","0","0","1","4",NA,NA,NA,NA,0,0,"POC650G1216CMS","E116",413,235,1187,NA,NA,NA,NA,NA,295,267,203,NA,NA,NA,NA,NA,NA,NA
"2","3","50",16,1,"0",NA,NA,NA,34.5,34.5,100,"0","0","0","0",1000,0,0,0,0,"0","1","3","57",0,0,0,"30",75,77,0,NA,NA,NA,NA,NA,NA,NA,NA,NA,NA,NA,NA,NA,NA,NA,NA,NA,NA,NA,NA,NA,NA,NA,NA,NA,NA,NA,NA,"0",2,"6","7","-1","65","65","-1","-1","-1","1",80,80,0,0,80,65,65,0,0,65,"7400","2","48",0,0,0,0,48,8.7,0,0,16543,"48","48",0,0.8,1.1,1.05,85,0,NA,NA,NA,"0","0",0,"0",NA,NA,"0",0,0,0,0,0,NA,NA,NA,401,701,1.4,1.727,"30",2,"0","1","0","0",NA,NA,1,"0","0","4","0","1","1",NA,NA,NA,NA,0,0,"B89393-40-70","P808",216,105,800,NA,NA,NA,NA,NA,203,38.1,86,NA,NA,NA,NA,NA,NA,NA
"2","3","60",3,1,"1",NA,NA,NA,115,115,100,"0","0","0","0",1000,0,0,0,0,"0","1","0","54",0,0,0,"30",73,75,76,0,5,13.8,110,110,110,-1,-1,-1,-1,-1,-1,1.4,0,-1,0,"0",1,"0",0,0,0,0,1,"-1","-1","-1","0","0",3,"6","7","7","65","65","65","-1","-1","1",80,80,80,80,80,65,65,65,65,65,"7400","2","19",0,0,0,0,19,9.5,0,0,17273,"19","19",0,0.8,1.1,1.05,85,0,NA,NA,NA,"0","0",0,"0",NA,NA,"0",1,0,0,0,0,NA,NA,NA,339,639,1.4,1.727,"30",9,"1","1","0","0",NA,NA,0,"0","0","4","0","1","4",NA,NA,NA,NA,0,0,"POC550G0800S","HQ86",387,235,1092,NA,NA,NA,NA,NA,279,165,187,NA,NA,NA,NA,NA,NA,NA
"1","1","60",5,1,"1",NA,NA,NA,230,230,100,"1","1","3","0",2500,0,0,0,0,"0","1","0","54",0,0,0,"12",79,81,82,0,5,13.8,110,110,110,15,20,25,-1,-1,0,1.4,0,1,0,"0",1,"0",0,0,0,0,1,"-1","-1","-1","0","0",3,"6","7","7","65","65","65","-1","-1","1",80,80,80,0,80,65,65,65,0,65,"7400","2","45",0,0,0,0,45,3.45,5000,4200,17273,"45","45",0,0.8,1.1,1.05,85,0,NA,NA,NA,"1","0",0,"0",NA,NA,"0",0,0,0,0,0,NA,NA,NA,631,931,1.4,1.727,"12",10,"0","0","1","0",NA,NA,0,"0","0","4","0","1","4",NA,NA,NA,NA,0,0,"ETA-252/1250-3 ","PJ841",550,380,1045,NA,NA,NA,NA,NA,424,0,220,NA,NA,NA,NA,NA,NA,NA
"2","3","60",3,1,"1",NA,NA,NA,250,250,110,"0","0","1","0",1000,0,0,0,0,"0","2","3","57",0,0,0,"32",87,87,87,0,5,13.5,150,150,150,-1,-1,-1,-1,-1,-1,1.4,0,-1,-1,"0",0,"0",0,0,0,0,1,"-1","-1","-1","0","0",3,"6","7","7","65","65","65","-1","-1","1",80,80,80,0,0,55,55,55,0,0,"7400","2","135",210,210,65,0,135,11.5,4000,8000,17273,"135","135",0,0.8,1.1,1.05,85,0,NA,NA,NA,"0","0",0,"0",NA,NA,"0",0,0,0,0,0,NA,NA,NA,0,0,1.4,1.727,"32",9,"1","0","1","0",NA,NA,0,"0","0","4","0","1","4",NA,NA,NA,NA,0,0,"POC1175G0800QS","PR62",584.2,355.6,1295.4,NA,NA,NA,NA,NA,328.6,0,317.5,NA,NA,NA,NA,NA,NA,NA
"2","1","60",14,1,"0",NA,NA,NA,500,500,100,"0","0","0","0",1000,0,0,0,0,"0","-1","-1","-1",0,0,0,"12",0,0,0,NA,NA,NA,NA,NA,NA,NA,NA,NA,NA,NA,NA,NA,NA,NA,NA,NA,NA,NA,NA,NA,NA,NA,NA,NA,NA,NA,NA,"0",3,"6","7","7","65","65","65","-1","-1","1",80,80,80,80,80,65,65,65,65,65,"7400","2","120",0,0,0,0,120,9.6,0,0,17273,"120","120",0,0.8,1.1,1.05,85,0,NA,NA,NA,"1","0",0,"1",NA,NA,"0",1,0,0,0,0,NA,NA,NA,0,0,1.4,1.727,"12",9,"1","0","0","0",NA,NA,0,"0","0","4","0","1","4",NA,NA,NA,NA,0,0,"550G1600BA","PH994",819,527,1822,NA,NA,NA,NA,NA,631,253,568,NA,NA,NA,NA,NA,NA,NA
"2","3","60",17,1,"0",NA,NA,NA,230,230,110,"0","0","2","0",1000,0,0,0,0,"0","2","0","0",0,0,0,"30",84,85,86,NA,NA,NA,NA,NA,NA,NA,NA,NA,NA,NA,NA,NA,NA,NA,NA,NA,NA,NA,NA,NA,NA,NA,NA,NA,NA,NA,NA,"0",3,"6","7","7","65","65","65","-1","-1","1",78,78,78,0,80,60,60,60,0,65,"7400","2","108",300,300,65,0,108,12.5,0,0,17273,"108","108",0,0.8,1.1,1.05,85,0,NA,NA,NA,"1","0",0,"0",NA,NA,"0",0,0,0,0,0,NA,NA,NA,673,973,1.4,1.727,"30",9,"1","0","0","0",NA,NA,0,"0","2","0","0","1","4",NA,NA,NA,NA,0,0,"ETA-252/1250-3 ","PJ841",550,380,1045,NA,NA,NA,NA,NA,424,0,220,NA,NA,NA,NA,NA,NA,NA
"1","3","60",11,1,"1",NA,NA,NA,161,161,105,"1","1","0","0",1524,0,0,0,0,"0","2","2","0",0,0,0,"30",69,71,72,0,5,12.47,110,110,110,34,45.33,56.67,-1,-1,0,1.4,0,-1,-1,"0",1,"0",0,0,0,0,1,"-1","-1","-1","0","0",3,"6","7","7","65","65","65","-1","-1","1",80,80,80,80,80,65,65,65,65,65,"7400","2","90",0,0,0,0,90,4.5,1740,5130,17273,"90","90",0,0.8,1.1,1.05,85,0,NA,NA,NA,"1","0",0,"0",NA,NA,"0",0,0,0,0,0,NA,NA,NA,0,0,1.4,1.727,"30",9,"1","0","1","0",NA,NA,0,"0","2","4","0","1","4",NA,NA,NA,NA,0,0,"POC750G1216CMS","PE966",450,267,1276,NA,NA,NA,NA,NA,285,267,226,NA,NA,NA,NA,NA,NA,NA
"2","3","60",18,1,"0",NA,NA,NA,161,161,105,"0","0","0","0",1000,0,0,0,0,"0","2","2","0",0,0,0,"30",63,65,66,NA,NA,NA,NA,NA,NA,NA,NA,NA,NA,NA,NA,NA,NA,NA,NA,NA,NA,NA,NA,NA,NA,NA,NA,NA,NA,NA,NA,"0",3,"6","7","7","65","65","65","-1","-1","0",80,80,80,80,80,65,65,65,65,65,"7400","2","18",0,0,0,0,18,8.5,3050,5200,17273,"18","18",0,0.8,1.1,1.05,85,0,NA,NA,NA,"1","0",0,"0",NA,NA,"0",0,0,0,0,0,NA,NA,NA,0,0,1.4,1.727,"30",9,"1","0","1","0",NA,NA,0,"0","2","4","0","1","0",NA,NA,NA,NA,0,0,"POC750G0800S","PO79",450,267,1276,NA,NA,NA,NA,NA,286,165,225,NA,NA,NA,NA,NA,NA,NA
"2","3","60",19,1,"0",NA,NA,NA,161,161,100,"0","0","0","0",1000,0,0,0,0,"0","2","2","0",0,0,0,"30",0,0,0,NA,NA,NA,NA,NA,NA,NA,NA,NA,NA,NA,NA,NA,NA,NA,NA,NA,NA,NA,NA,NA,NA,NA,NA,NA,NA,NA,NA,"0",3,"6","7","7","65","65","65","-1","-1","0",80,80,80,80,80,65,65,65,65,65,"7400","2","42",0,0,0,0,42,10,0,0,17273,"42","42",0,0.8,1.1,1.05,85,10,NA,NA,NA,"0","0",0,"0",NA,NA,"0",1,0,0,0,0,NA,NA,NA,0,0,1.4,1.727,"30",9,"1","0","0","0",NA,NA,0,"4","2","0","0","1","0",NA,NA,NA,NA,0,0,"POC750G0800S","PO79",450,267,1276,NA,NA,NA,NA,NA,286,165,225,NA,NA,NA,NA,NA,NA,NA
"2","3","60",16,1,"0",NA,NA,NA,115,115,100,"0","0","0","0",1000,0,0,0,0,"0","-1","-1","-1",0,0,0,"30",77,79,80,NA,NA,NA,NA,NA,NA,NA,NA,NA,NA,NA,NA,NA,NA,NA,NA,NA,NA,NA,NA,NA,NA,NA,NA,NA,NA,NA,NA,"0",3,"6","7","7","65","65","65","-1","-1","1",80,80,80,80,80,65,65,65,65,65,"7400","2","45",0,0,0,0,45,9.5,0,0,17273,"45","45",0,0.8,1.1,1.05,85,0,NA,NA,NA,"0","-1",0,"0",NA,NA,"0",1,0,0,0,0,NA,NA,NA,0,0,1.4,1.727,"30",9,"1","1","1","0",NA,NA,0,"0","0","4","0","1","4",NA,NA,NA,NA,0,0,"POC550G0800S","HQ86",387,235,1092,NA,NA,NA,NA,NA,279,165,187,NA,NA,NA,NA,NA,NA,NA
"2","3","60",16,1,"0",NA,NA,NA,115,115,100,"0","0","0","0",1800,0,0,0,0,"0","-1","-1","-1",0,0,0,"30",71,73,0,NA,NA,NA,NA,NA,NA,NA,NA,NA,NA,NA,NA,NA,NA,NA,NA,NA,NA,NA,NA,NA,NA,NA,NA,NA,NA,NA,NA,"0",2,"6","7","-1","65","65","-1","-1","-1","1",80,80,0,0,80,65,65,0,0,65,"7400","2","12",0,0,0,0,12,9,0,0,17273,"12","12",0,0.8,1.1,1.05,85,0,NA,NA,NA,"0","-1",0,"0",NA,NA,"0",1,0,0,0,0,NA,NA,NA,0,0,1.4,1.727,"30",2,"0","1","0","0",NA,NA,1,"0","0","4","0","1","4",NA,NA,NA,NA,0,0,"POC550G0800S","HQ86",387,235,1092,NA,NA,NA,NA,NA,279,165,187,NA,NA,NA,NA,NA,NA,NA
"2","3","60",16,1,"0",NA,NA,NA,138,138,100,"0","0","0","0",1000,0,0,0,0,"0","-1","-1","-1",0,0,0,"30",0,0,0,NA,NA,NA,NA,NA,NA,NA,NA,NA,NA,NA,NA,NA,NA,NA,NA,NA,NA,NA,NA,NA,NA,NA,NA,NA,NA,NA,NA,"0",3,"6","7","7","55","55","56","-1","-1","0",70,70,70,80,80,55,55,55,65,65,"7400","2","40",128,128,28,0,40,8.9,0,0,17273,"40","40",0,0.8,1.1,1.05,75,0,NA,NA,NA,"0","-1",0,"0",NA,NA,NA,NA,NA,NA,NA,NA,NA,NA,NA,0,0,1.4,1.727,"30",9,"1","1","1","0",NA,NA,0,"0","0","4","0","1","0",NA,NA,NA,NA,0,0,"POC650G0800S","HY99",413,235,1187,NA,NA,NA,NA,NA,295,165,203,NA,NA,NA,NA,NA,NA,NA
"2","3","60",18,1,"0",NA,NA,NA,138,138,100,"0","0","0","0",1000,0,0,0,0,"0","-1","-1","-1",0,0,0,"30",0,0,0,NA,NA,NA,NA,NA,NA,NA,NA,NA,NA,NA,NA,NA,NA,NA,NA,NA,NA,NA,NA,NA,NA,NA,NA,NA,NA,NA,NA,"0",1,"6","6","-1","56","-1","-1","-1","-1","0",60,70,0,0,80,45,55,0,0,65,"7400","2","50",0,0,0,0,50,8.3,2201.6,2201.6,17273,"50","50",0,0.8,1.1,1.05,76,0,NA,NA,NA,"0","-1",0,"0",NA,NA,NA,NA,NA,NA,NA,NA,NA,NA,NA,0,0,1.4,1.727,"30",9,"1","1","1","0",NA,NA,0,"0","0","4","0","1","0",NA,NA,NA,NA,0,0,"POC550G0800S","HQ86",387,235,1092,NA,NA,NA,NA,NA,279,165,187,NA,NA,NA,NA,NA,NA,NA
"2","3","60",16,1,"0",NA,NA,NA,115,115,100,"0","0","0","0",1000,0,0,0,0,"0","-1","-1","-1",0,0,0,"30",71,73,74,NA,NA,NA,NA,NA,NA,NA,NA,NA,NA,NA,NA,NA,NA,NA,NA,NA,NA,NA,NA,NA,NA,NA,NA,NA,NA,NA,NA,"0",3,"6","7","7","55","55","56","-1","-1","1",70,70,70,80,80,55,55,55,65,65,"7400","2","12",0,0,0,0,12,9,0,0,17273,"12","12",0,0.8,1.1,1.05,75,0,NA,NA,NA,"0","-1",0,"0",NA,NA,NA,NA,NA,NA,NA,NA,NA,NA,NA,0,0,1.4,1.727,"30",2,"0","1","0","0",NA,NA,0,"0","0","4","0","1","4",NA,NA,NA,NA,0,0,NA,NA,0,0,0,NA,NA,NA,NA,NA,0,0,0,NA,NA,NA,NA,NA,NA,NA
"2","3","60",18,1,"0",NA,NA,NA,161.7,161.7,100,"0","0","0","0",1000,0,0,0,0,"0","-1","-1","-1",0,0,0,"30",0,0,0,NA,NA,NA,NA,NA,NA,NA,NA,NA,NA,NA,NA,NA,NA,NA,NA,NA,NA,NA,NA,NA,NA,NA,NA,NA,NA,NA,NA,"0",3,"6","7","7","55","55","56","-1","-1","0",70,70,70,80,80,55,55,55,65,65,"7400","2","30",0,0,0,0,30,10.5,3330,12120,17273,"30","30",0,0.8,1.1,1.05,75,0,NA,NA,NA,"0","-1",0,"0",NA,NA,NA,NA,NA,NA,NA,NA,NA,NA,NA,0,0,1.4,1.727,"30",9,"1","1","1","0",NA,NA,0,"0","2","4","0","1","0",NA,NA,NA,NA,0,0,"161W1216AK","HH69",464,324,1277,NA,NA,NA,NA,NA,336,178,289,NA,NA,NA,NA,NA,NA,NA
"2","3","60",16,1,"0",NA,NA,NA,161,161,100,"0","0","0","0",1000,0,0,0,0,"0","-1","-1","-1",0,0,0,"30",74,76,77,NA,NA,NA,NA,NA,NA,NA,NA,NA,NA,NA,NA,NA,NA,NA,NA,NA,NA,NA,NA,NA,NA,NA,NA,NA,NA,NA,NA,"0",3,"6","7","7","55","55","56","-1","-1","0",70,70,70,80,0,55,55,55,65,0,"7400","2","18",0,0,0,0,18,8.2,3700,9600,17273,"18","18",0,0.8,1.1,1.05,75,0,NA,NA,NA,"0","-1",0,"0",NA,NA,NA,NA,NA,NA,NA,NA,NA,NA,NA,0,0,1.4,1.65,"30",10,"0","0","1","0",NA,NA,0,"0","0","4","0","1","0",NA,NA,NA,NA,0,0,"POC750G0800S","PO79",450,267,1276,NA,NA,NA,NA,NA,286,165,225,NA,NA,NA,NA,NA,NA,NA
"2","3","60",16,1,"0",NA,NA,NA,115,115,100,"0","0","0","0",1000,0,0,0,0,"0","-1","-1","-1",0,0,0,"30",0,0,0,NA,NA,NA,NA,NA,NA,NA,NA,NA,NA,NA,NA,NA,NA,NA,NA,NA,NA,NA,NA,NA,NA,NA,NA,NA,NA,NA,NA,"0",2,"6","7","7","55","56","-1","-1","-1","0",70,70,80,0,80,55,55,65,0,65,"7400","2","15",0,0,0,0,15,7,0,0,17273,"15","15",0,0.8,1.1,1.05,75,0,NA,NA,NA,"0","-1",0,"0",NA,NA,NA,NA,NA,NA,NA,NA,NA,NA,NA,0,0,1.4,1.727,"30",9,"1","1","0","0",NA,NA,0,"0","0","4","0","1","0",NA,NA,NA,NA,0,0,"POC550G0800S","HQ86",387,235,1092,NA,NA,NA,NA,NA,279,165,187,NA,NA,NA,NA,NA,NA,NA
"2","3","60",16,1,"0",NA,NA,NA,138,138,100,"0","0","0","0",1000,0,0,0,0,"0","-1","-1","-1",0,0,0,"30",0,0,0,NA,NA,NA,NA,NA,NA,NA,NA,NA,NA,NA,NA,NA,NA,NA,NA,NA,NA,NA,NA,NA,NA,NA,NA,NA,NA,NA,NA,"0",2,"6","7","-1","65","65","-1","-1","-1","0",80,80,0,0,80,65,65,0,0,65,"7400","2","45",0,0,0,0,45,9,0,0,17273,"45","45",0,0.8,1.1,1.05,85,0,NA,NA,NA,"0","-1",0,"0",NA,NA,NA,NA,NA,NA,NA,NA,NA,NA,NA,0,0,1.4,1.727,"30",9,"1","0","0","0",NA,NA,0,"0","0","4","0","1","0",NA,NA,NA,NA,0,0,"POC650G0800S","HY99",413,235,1187,NA,NA,NA,NA,NA,295,165,203,NA,NA,NA,NA,NA,NA,NA
"2","3","60",16,1,"0",NA,NA,NA,115,115,100,"0","0","0","0",2000,0,0,0,0,"0","-1","-1","-1",0,0,0,"30",70,72,74,NA,NA,NA,NA,NA,NA,NA,NA,NA,NA,NA,NA,NA,NA,NA,NA,NA,NA,NA,NA,NA,NA,NA,NA,NA,NA,NA,NA,"0",2,"6","7","7","55","56","-1","-1","-1","0",70,70,80,0,80,55,55,65,0,65,"7400","2","10",0,0,0,0,10,9,0,0,17273,"10","10",0,0.8,1.1,1.05,75,0,NA,NA,NA,"0","-1",0,"0",NA,NA,"0",1,0,0,0,0,NA,NA,NA,0,0,1.4,1.727,"30",9,"1","1","0","0",NA,NA,0,"0","0","4","0","1","0",NA,NA,NA,NA,0,0,"POC550G0800S","HQ86",387,235,1092,NA,NA,NA,NA,NA,279,165,187,NA,NA,NA,NA,NA,NA,NA
"2","3","60",18,1,"0",NA,NA,NA,85,85,100,"0","0","0","0",2300,0,0,0,0,"0","-1","-1","-1",0,0,0,"30",73,75,76,NA,NA,NA,NA,NA,NA,NA,NA,NA,NA,NA,NA,NA,NA,NA,NA,NA,NA,NA,NA,NA,NA,NA,NA,NA,NA,NA,NA,"0",3,"6","7","7","55","55","55","-1","-1","1",70,70,70,0,0,50,50,50,0,0,"7400","2","20",0,0,0,0,20,8.06,0,0,17273,"20","20",0,0.8,1.1,1.05,75,0,NA,NA,NA,"0","-1",0,"0",NA,NA,NA,NA,NA,NA,NA,NA,NA,NA,NA,0,0,1.4,1.727,"30",2,"0","1","0","0",NA,NA,0,"0","2","4","0","1","4",NA,NA,NA,NA,0,0,"POC550G0800S","HQ86",387,235,1092,NA,NA,NA,NA,NA,279,165,187,NA,NA,NA,NA,NA,NA,NA
"2","3","60",7,1,"1",NA,NA,NA,120,120,100,"0","0","0","0",1500,0,0,8,0,"0","-1","-1","-1",0,0,0,"30",76,78,79,0,5,13.8,150,150,150,14,18.67,23.33,-1,-1,0,1.4,0,-1,-1,"0",1,"0",0,0,0,0,1,"-1","-1","-1","0","0",3,"12","13","13","65","65","65","-1","-1","1",76,76,76,80,0,61,61,61,65,0,"7400","2","40",0,0,0,0,40,8,0,0,17273,"40","40",0,0.8,1.1,1.05,85,0,NA,NA,NA,"0","-1",0,"0",NA,NA,NA,NA,NA,NA,NA,NA,NA,NA,NA,0,0,1.4,1.727,"30",2,"0","1","0","0",NA,NA,0,"0","0","4","0","1","4",NA,NA,NA,NA,0,0,"POC650G0800S","HY99",413,235,1187,NA,NA,NA,NA,NA,295,165,203,NA,NA,NA,NA,NA,NA,NA
"2","3","60",16,1,"0",NA,NA,NA,24.9,24.9,100,"0","0","0","0",1000,0,0,0,0,"0","-1","-1","-1",0,0,0,"30",0,0,0,NA,NA,NA,NA,NA,NA,NA,NA,NA,NA,NA,NA,NA,NA,NA,NA,NA,NA,NA,NA,NA,NA,NA,NA,NA,NA,NA,NA,"0",1,"6","-1","-1","55","-1","-1","-1","-1","0",70,0,0,0,80,55,0,0,0,65,"7400","2","14",0,0,0,0,14,6.5,0,0,17273,"14","14",0,0.8,1.1,1.05,75,0,NA,NA,NA,"0","-1",0,"0",NA,NA,NA,NA,NA,NA,NA,NA,NA,NA,NA,0,0,1.4,1.727,"30",9,"1","1","0","0",NA,NA,0,"0","0","4","0","1","0",NA,NA,NA,NA,0,0,"025T0120HD","PJ916",298,168,478,NA,NA,NA,NA,NA,235,38.1,149,NA,NA,NA,NA,NA,NA,NA
"2","3","60",16,1,"0",NA,NA,NA,69,69,100,"0","0","0","0",1000,0,0,0,0,"0","-1","-1","-1",0,0,0,"30",0,0,0,NA,NA,NA,NA,NA,NA,NA,NA,NA,NA,NA,NA,NA,NA,NA,NA,NA,NA,NA,NA,NA,NA,NA,NA,NA,NA,NA,NA,"0",3,"6","7","7","65","65","65","-1","-1","0",80,80,80,80,80,65,65,65,65,65,"7400","2","57.8",0,0,0,0,57.8,6.58,14151.6,5130,17273,"57.8","57.8",0,0.8,1.1,1.05,85,0,NA,NA,NA,"0","-1",0,"0",NA,NA,NA,NA,NA,NA,NA,NA,NA,NA,NA,0,0,1.4,1.727,"30",9,"1","1","1","0",NA,NA,0,"0","0","4","0","1","0",NA,NA,NA,NA,0,0,"069Z0412AN","PF778",280,176,953,NA,NA,NA,NA,NA,207,38.1,147,NA,NA,NA,NA,NA,NA,NA
"2","3","60",16,1,"0",NA,NA,NA,69,69,100,"0","0","0","0",1000,0,0,0,0,"0","-1","-1","-1",0,0,0,"30",0,0,0,NA,NA,NA,NA,NA,NA,NA,NA,NA,NA,NA,NA,NA,NA,NA,NA,NA,NA,NA,NA,NA,NA,NA,NA,NA,NA,NA,NA,"0",3,"6","7","7","65","65","65","-1","-1","0",80,80,80,80,80,65,65,65,65,65,"7400","2","57.8",0,0,0,0,57.8,8.8,14151.6,5130,17273,"57.8","57.8",0,0.8,1.1,1.05,85,0,NA,NA,NA,"0","0",0,"0",NA,NA,NA,NA,NA,NA,NA,NA,NA,NA,NA,517,817,1.4,1.727,"30",9,"1","0","1","0",NA,NA,0,"0","0","4","0","1","0",NA,NA,NA,NA,0,0,"069Z0412AN","PF778",280,176,953,NA,NA,NA,NA,NA,207,38.1,147,NA,NA,NA,NA,NA,NA,NA
"2","3","60",16,1,"0",NA,NA,NA,44,44,100,"0","0","0","0",1000,0,0,0,0,"0","-1","-1","-1",0,0,0,"30",71,0,0,NA,NA,NA,NA,NA,NA,NA,NA,NA,NA,NA,NA,NA,NA,NA,NA,NA,NA,NA,NA,NA,NA,NA,NA,NA,NA,NA,NA,"0",1,"6","-1","-1","65","-1","-1","-1","-1","0",80,0,0,0,80,65,0,0,0,65,"7400","2","16",0,0,0,0,16,7.5,0,0,17273,"16","16",0,0.8,1.1,1.05,85,0,NA,NA,NA,"0","-1",0,"0",NA,NA,NA,NA,NA,NA,NA,NA,NA,NA,NA,0,0,1.4,1.727,"30",2,"0","1","0","0",NA,NA,0,"0","0","4","0","1","0",NA,NA,NA,NA,0,0,"250-030-T-905-00","PJ449",270,65,851,NA,NA,NA,NA,NA,257,38,127,NA,NA,NA,NA,NA,NA,NA
"2","3","60",19,1,"0",NA,NA,NA,115,115,100,"0","0","6","0",2500,0,0,0,0,"0","-1","-1","-1",0,0,0,"30",67,69,0,NA,NA,NA,NA,NA,NA,NA,NA,NA,NA,NA,NA,NA,NA,NA,NA,NA,NA,NA,NA,NA,NA,NA,NA,NA,NA,NA,NA,"0",2,"6","7","-1","65","65","-1","-1","-1","1",89,89,0,0,80,74,74,0,0,65,"7400","2","5",0,0,0,0,5,9.5,0,0,17273,"5","5",0,0.8,1.1,1.05,85,0,NA,NA,NA,"0","-1",0,"0",NA,NA,NA,NA,NA,NA,NA,NA,NA,NA,NA,0,0,1.4,1.727,"30",2,"0","1","0","0",NA,NA,0,"0","2","0","0","1","4",NA,NA,NA,NA,0,0,"ETA-126/1250-4","PJ846",400,270,900,NA,NA,NA,NA,NA,360,141,141,NA,NA,NA,NA,NA,NA,NA
"2","3","60",16,1,"0",NA,NA,NA,115,115,100,"0","0","6","0",1000,0,0,0,0,"0","-1","-1","-1",0,0,0,"30",73,75,76,NA,NA,NA,NA,NA,NA,NA,NA,NA,NA,NA,NA,NA,NA,NA,NA,NA,NA,NA,NA,NA,NA,NA,NA,NA,NA,NA,NA,"0",2,"6","7","7","55","56","-1","-1","-1","0",70,70,80,0,80,55,55,65,0,65,"7400","2","20",0,0,0,0,20,8.8,0,0,17273,"20","20",0,0.8,1.1,1.05,75,0,NA,NA,NA,"0","-1",0,"0",NA,NA,NA,NA,NA,NA,NA,NA,NA,NA,NA,0,0,1.4,1.727,"30",2,"0","1","0","0",NA,NA,0,"0","0","4","0","1","0",NA,NA,NA,NA,0,0,"GOB 550-800-0.5","PJ746",290,200,880,NA,NA,NA,NA,NA,280,86,126,NA,NA,NA,NA,NA,NA,NA
"2","3","60",16,1,"0",NA,NA,NA,115,115,100,"0","0","6","0",1000,0,0,0,0,"0","-1","-1","-1",0,0,0,"30",75,77,78,NA,NA,NA,NA,NA,NA,NA,NA,NA,NA,NA,NA,NA,NA,NA,NA,NA,NA,NA,NA,NA,NA,NA,NA,NA,NA,NA,NA,"0",3,"6","7","7","55","55","56","-1","-1","1",70,70,70,80,80,55,55,55,65,65,"7400","2","30",0,0,0,0,30,6.6,0,0,17273,"30","30",0,0.8,1.1,1.05,75,0,NA,NA,NA,"0","-1",0,"0",NA,NA,NA,NA,NA,NA,NA,NA,NA,NA,NA,0,0,1.4,1.727,"30",2,"0","1","0","0",NA,NA,0,"0","0","4","0","1","4",NA,NA,NA,NA,0,0,"GOB 550-800-0.5","PJ746",290,200,880,NA,NA,NA,NA,NA,280,86,126,NA,NA,NA,NA,NA,NA,NA
"2","3","60",18,1,"0",NA,NA,NA,115,115,100,"0","0","0","0",1650,0,0,0,0,"0","-1","-1","-1",0,0,0,"30",75,77,78,NA,NA,NA,NA,NA,NA,NA,NA,NA,NA,NA,NA,NA,NA,NA,NA,NA,NA,NA,NA,NA,NA,NA,NA,NA,NA,NA,NA,"0",2,"6","7","7","55","56","-1","-1","-1","0",65,65,75,0,0,55,55,65,0,0,"7400","2","30",0,0,0,0,30,9.5,0,0,17273,"30","30",0,0.8,1.1,1.05,75,0,NA,NA,NA,"0","-1",0,"0",NA,NA,NA,NA,NA,NA,NA,NA,NA,NA,NA,0,0,1.4,1.727,"30",2,"0","1","0","0",NA,NA,0,"0","0","4","0","1","0",NA,NA,NA,NA,0,0,"POC550G0800S","HQ86",387,235,1092,NA,NA,NA,NA,NA,279,165,187,NA,NA,NA,NA,NA,NA,NA
"2","3","60",17,1,"0",NA,NA,NA,230,230,100,"0","0","0","0",1000,0,0,0,0,"0","-1","-1","-1",0,0,0,"30",80,81,81,NA,NA,NA,NA,NA,NA,NA,NA,NA,NA,NA,NA,NA,NA,NA,NA,NA,NA,NA,NA,NA,NA,NA,NA,NA,NA,NA,NA,"0",3,"6","7","7","65","65","65","-1","-1","0",80,80,80,80,80,65,65,65,65,65,"7400","2","57",0,0,0,0,57,11,3000,4000,17273,"57","57",0,0.8,1.1,1.05,85,0,NA,NA,NA,"0","-1",0,"0",NA,NA,NA,NA,NA,NA,NA,NA,NA,NA,NA,0,0,1.4,1.727,"30",9,"1","0","1","0",NA,NA,0,"0","2","0","0","1","0",NA,NA,NA,NA,0,0,"POC1175G1216CMS","PU75",584,356,1295,NA,NA,NA,NA,NA,368,267,318,NA,NA,NA,NA,NA,NA,NA
"2","3","60",16,1,"0",NA,NA,NA,67,67,100,"0","0","0","0",1500,0,0,0,0,"0","-1","-1","-1",0,0,0,"30",69,71,0,NA,NA,NA,NA,NA,NA,NA,NA,NA,NA,NA,NA,NA,NA,NA,NA,NA,NA,NA,NA,NA,NA,NA,NA,NA,NA,NA,NA,"0",2,"6","7","-1","65","65","-1","-1","-1","1",80,80,0,0,0,65,65,0,0,0,"7400","2","12",46.42,46.42,12.94,0,12,8,2385.78,2723,17273,"12","12",0,0.8,1.1,1.05,85,0,NA,NA,NA,"0","-1",0,"0",NA,NA,NA,NA,NA,NA,NA,NA,NA,NA,NA,0,0,1.4,1.727,"30",10,"0","0","1","0",NA,NA,0,"0","0","4","0","1","4",NA,NA,NA,NA,0,0,"B89593-70","IL29",270,114,952,NA,NA,NA,NA,NA,225,38.1,114,NA,NA,NA,NA,NA,NA,NA
"2","3","60",18,1,"0",NA,NA,NA,138,138,100,"0","0","0","0",1000,0,0,0,0,"0","-1","-1","-1",0,0,0,"30",0,0,0,NA,NA,NA,NA,NA,NA,NA,NA,NA,NA,NA,NA,NA,NA,NA,NA,NA,NA,NA,NA,NA,NA,NA,NA,NA,NA,NA,NA,"0",3,"6","7","7","65","65","65","-1","-1","0",80,80,80,80,80,65,65,65,65,65,"7400","2","24",0,0,0,0,24,9.5,1562,2460,17273,"24","24",0,0.8,1.1,1.05,85,0,NA,NA,NA,"0","-1",0,"0",NA,NA,NA,NA,NA,NA,NA,NA,NA,NA,NA,0,0,1.4,1.727,"30",9,"1","1","1","0",NA,NA,0,"0","0","4","0","1","0",NA,NA,NA,NA,0,0,"POC550G0800S","HQ86",387,235,1092,NA,NA,NA,NA,NA,279,165,187,NA,NA,NA,NA,NA,NA,NA
"2","3","60",16,1,"0",NA,NA,NA,34.5,34.5,100,"0","0","0","0",1000,0,0,0,0,"0","-1","-1","-1",0,0,0,"30",70,72,73,NA,NA,NA,NA,NA,NA,NA,NA,NA,NA,NA,NA,NA,NA,NA,NA,NA,NA,NA,NA,NA,NA,NA,NA,NA,NA,NA,NA,"0",2,"6","7","7","55","56","-1","-1","-1","0",70,70,80,0,80,55,55,65,0,65,"7400","2","15",0,0,0,0,15,6.5,0,0,17273,"15","15",0,0.8,1.1,1.05,75,0,NA,NA,NA,"0","-1",0,"0",NA,NA,NA,NA,NA,NA,NA,NA,NA,NA,NA,0,0,1.4,1.727,"30",2,"0","1","0","0",NA,NA,0,"0","0","4","0","1","0",NA,NA,NA,NA,0,0,"B88843-178-70","PJ482",280,235,825.5,NA,NA,NA,NA,NA,238.1,76,152.4,NA,NA,NA,NA,NA,NA,NA
"2","3","60",16,1,"0",NA,NA,NA,34.5,34.5,100,"0","0","0","0",1000,0,0,0,0,"0","-1","-1","-1",0,0,0,"30",70,72,73,NA,NA,NA,NA,NA,NA,NA,NA,NA,NA,NA,NA,NA,NA,NA,NA,NA,NA,NA,NA,NA,NA,NA,NA,NA,NA,NA,NA,"0",2,"12","13","13","55","56","-1","-1","-1","0",70,70,80,0,80,55,55,65,0,65,"7400","2","15",0,0,0,0,15,6.5,0,0,17273,"15","15",0,0.8,1.1,1.05,75,0,NA,NA,NA,"0","-1",0,"0",NA,NA,"0",1,0,0,0,0,NA,NA,NA,0,0,1.4,1.727,"30",2,"0","1","0","0",NA,NA,1,"1","0","4","0","1","0",NA,NA,NA,NA,0,0,"034T0120HG","PJ294",299,168,529,NA,NA,NA,NA,NA,235,38.1,150,NA,NA,NA,NA,NA,NA,NA
"2","3","60",16,1,"0",NA,NA,NA,13.8,13.8,100,"0","0","0","0",1000,0,0,0,0,"0","-1","-1","-1",0,0,0,"30",0,0,0,NA,NA,NA,NA,NA,NA,NA,NA,NA,NA,NA,NA,NA,NA,NA,NA,NA,NA,NA,NA,NA,NA,NA,NA,NA,NA,NA,NA,"0",1,"12","12","-1","56","-1","-1","-1","-1","0",70,80,0,0,80,55,65,0,0,65,"7400","2","15",0,0,0,0,15,6,0,0,17273,"15","15",0,0.8,1.1,1.05,76,0,NA,NA,NA,"0","-1",0,"0",NA,NA,NA,NA,NA,NA,NA,NA,NA,NA,NA,0,0,1.4,1.727,"30",9,"1","1","0","0",NA,NA,0,"0","0","4","0","1","0",NA,NA,NA,NA,0,0,"015J0120AP","Z903",233,65,584,NA,NA,NA,NA,NA,156,28.6,83,NA,NA,NA,NA,NA,NA,NA
"2","3","60",16,1,"0",NA,NA,NA,138,138,100,"0","0","0","0",1000,0,0,0,0,"0","-1","-1","-1",0,0,0,"30",71,73,74,NA,NA,NA,NA,NA,NA,NA,NA,NA,NA,NA,NA,NA,NA,NA,NA,NA,NA,NA,NA,NA,NA,NA,NA,NA,NA,NA,NA,"0",3,"6","7","7","55","55","56","-1","-1","1",70,70,70,80,80,55,55,55,65,65,"7400","2","12",0,0,0,0,12,9.5,0,0,17273,"12","12",0,0.8,1.1,1.05,75,0,NA,NA,NA,"0","-1",0,"0",NA,NA,NA,NA,NA,NA,NA,NA,NA,NA,NA,0,0,1.4,1.727,"30",2,"0","1","0","0",NA,NA,0,"0","0","4","0","1","4",NA,NA,NA,NA,0,0,"POC650G0800S","HY99",413,235,1187,NA,NA,NA,NA,NA,295,165,203,NA,NA,NA,NA,NA,NA,NA
"2","3","60",16,1,"0",NA,NA,NA,110,110,100,"0","0","0","0",1000,0,0,0,0,"0","-1","-1","-1",0,0,0,"30",73,75,0,NA,NA,NA,NA,NA,NA,NA,NA,NA,NA,NA,NA,NA,NA,NA,NA,NA,NA,NA,NA,NA,NA,NA,NA,NA,NA,NA,NA,"0",2,"6","7","-1","65","65","-1","-1","-1","1",80,80,0,0,80,65,65,0,0,65,"7400","2","20",0,0,0,0,20,9,0,0,17273,"20","20",0,0.8,1.1,1.05,85,0,NA,NA,NA,"0","-1",0,"0",NA,NA,NA,NA,NA,NA,NA,NA,NA,NA,NA,0,0,1.4,1.727,"30",2,"0","1","0","0",NA,NA,0,"0","0","4","0","1","1",NA,NA,NA,NA,0,0,"POC550G0800S","HQ86",387,235,1092,NA,NA,NA,NA,NA,279,165,187,NA,NA,NA,NA,NA,NA,NA
"2","3","60",16,1,"0",NA,NA,NA,69,69,100,"0","0","0","0",1000,0,0,0,0,"0","-1","-1","-1",0,0,0,"30",68,70,72,NA,NA,NA,NA,NA,NA,NA,NA,NA,NA,NA,NA,NA,NA,NA,NA,NA,NA,NA,NA,NA,NA,NA,NA,NA,NA,NA,NA,"0",2,"6","7","7","55","56","-1","-1","-1","0",70,70,80,0,80,55,55,65,0,65,"7400","2","10",0,0,0,0,10,8,1000,8400,17273,"10","10",0,0.8,1.1,1.05,75,0,NA,NA,NA,"0","-1",0,"0",NA,NA,NA,NA,NA,NA,NA,NA,NA,NA,NA,0,0,1.4,1.727,"30",10,"0","0","1","0",NA,NA,0,"0","0","4","0","1","0",NA,NA,NA,NA,0,0,"B89593-70","IL29",270,114,952,NA,NA,NA,NA,NA,225,38.1,114,NA,NA,NA,NA,NA,NA,NA
"2","3","60",18,1,"0",NA,NA,NA,69,69,100,"0","0","0","0",1000,0,0,0,0,"0","-1","-1","-1",0,0,0,"30",73,75,76,NA,NA,NA,NA,NA,NA,NA,NA,NA,NA,NA,NA,NA,NA,NA,NA,NA,NA,NA,NA,NA,NA,NA,NA,NA,NA,NA,NA,"0",3,"12","13","13","55","55","56","-1","-1","0",70,70,70,80,80,55,55,55,65,65,"7400","2","30",0,0,0,0,30,8.5,0,0,17273,"30","30",0,0.8,1.1,1.05,75,0,NA,NA,NA,"0","-1",0,"0",NA,NA,NA,NA,NA,NA,NA,NA,NA,NA,NA,0,0,1.4,1.727,"30",2,"0","1","0","0",NA,NA,0,"0","0","4","0","1","0",NA,NA,NA,NA,0,0,"069Z0412AN","PF778",280,176,953,NA,NA,NA,NA,NA,207,38.1,147,NA,NA,NA,NA,NA,NA,NA
"2","3","60",18,1,"0",NA,NA,NA,138,138,100,"0","0","0","0",1000,0,0,0,0,"0","-1","-1","-1",0,0,0,"30",0,0,0,NA,NA,NA,NA,NA,NA,NA,NA,NA,NA,NA,NA,NA,NA,NA,NA,NA,NA,NA,NA,NA,NA,NA,NA,NA,NA,NA,NA,"0",3,"6","7","7","65","65","56","-1","-1","0",80,80,70,80,80,65,65,55,65,65,"7400","2","15",0,0,0,0,15,10,1800,5800,17273,"15","15",0,0.8,1.1,1.05,85,0,NA,NA,NA,"0","-1",0,"0",NA,NA,NA,NA,NA,NA,NA,NA,NA,NA,NA,0,0,1.4,1.727,"30",9,"1","0","1","0",NA,NA,0,"0","2","4","0","1","0",NA,NA,NA,NA,0,0,"POC650G0800S","HY99",413,235,1187,NA,NA,NA,NA,NA,295,165,203,NA,NA,NA,NA,NA,NA,NA
"2","3","60",16,1,"0",NA,NA,NA,68.8,68.8,100,"0","0","0","0",1000,0,0,0,0,"0","-1","-1","-1",0,0,0,"30",63,65,66,NA,NA,NA,NA,NA,NA,NA,NA,NA,NA,NA,NA,NA,NA,NA,NA,NA,NA,NA,NA,NA,NA,NA,NA,NA,NA,NA,NA,"0",3,"6","7","7","55","55","56","-1","-1","0",70,70,70,80,80,55,55,55,65,65,"7400","2","12",0,0,0,0,12,7.7,1389,5329,17273,"12","12",0,0.8,1.1,1.05,75,0,NA,NA,NA,"0","-1",0,"0",NA,NA,NA,NA,NA,NA,NA,NA,NA,NA,NA,0,0,1.4,1.727,"30",9,"1","0","1","0",NA,NA,0,"0","0","4","0","1","0",NA,NA,NA,NA,0,0,"069Z0412AN","PF778",280,176,953,NA,NA,NA,NA,NA,207,38.1,147,NA,NA,NA,NA,NA,NA,NA
"2","3","60",16,1,"0",NA,NA,NA,68.8,68.8,100,"0","0","0","0",1000,0,0,0,0,"0","-1","-1","-1",0,0,0,"30",63,65,66,NA,NA,NA,NA,NA,NA,NA,NA,NA,NA,NA,NA,NA,NA,NA,NA,NA,NA,NA,NA,NA,NA,NA,NA,NA,NA,NA,NA,"0",3,"6","7","7","55","55","56","-1","-1","0",70,70,70,80,80,55,55,55,65,65,"7400","2","12",0,0,0,0,12,7.7,1389,5329,17273,"12","12",0,0.8,1.1,1.05,75,0,NA,NA,NA,"0","-1",0,"0",NA,NA,NA,NA,NA,NA,NA,NA,NA,NA,NA,342,342,1.68,1.74,"30",9,"1","0","1","0",NA,NA,0,"0","0","4","0","1","0",NA,NA,NA,NA,0,0,"069Z0412AN","PF778",280,176,953,NA,NA,NA,NA,NA,207,38.1,147,NA,NA,NA,NA,NA,NA,NA
"2","3","60",3,1,"1",NA,NA,NA,69,69,100,"1","1","0","0",1000,0,0,0,0,"0","-1","-1","-1",0,0,0,"30",0,0,0,0,5,13.8,200,200,200,13,17.33,21.67,-1,-1,0,2.31,0,-1,-1,"0",1,"0",0,0,0,0,1,"-1","-1","-1","0","0",3,"6","7","7","65","65","65","-1","-1","0",80,80,80,80,80,65,65,65,65,65,"7400","2","66",200,200,35,0,40,8,0,0,17273,"40","40",0,0.8,1.1,1.05,85,0,NA,NA,NA,"0","-1",0,"0",NA,NA,NA,NA,NA,NA,NA,NA,NA,NA,NA,0,0,1.4,1.727,"30",10,"0","0","1","0",NA,NA,0,"0","0","4","0","1","0",NA,NA,NA,NA,0,0,"069Z0412AN","PF778",280,176,953,NA,NA,NA,NA,NA,207,38.1,147,NA,NA,NA,NA,NA,NA,NA
"2","3","60",18,1,"0",NA,NA,NA,138,138,100,"0","0","0","0",1000,0,0,0,0,"0","-1","-1","-1",0,0,0,"30",0,0,0,NA,NA,NA,NA,NA,NA,NA,NA,NA,NA,NA,NA,NA,NA,NA,NA,NA,NA,NA,NA,NA,NA,NA,NA,NA,NA,NA,NA,"0",3,"6","7","7","55","55","56","-1","-1","0",70,70,70,80,0,55,55,55,65,0,"7400","2","15",0,0,0,0,15,10,1800,5800,17273,"15","15",0,0.8,1.1,1.05,75,0,NA,NA,NA,"0","-1",0,"0",NA,NA,NA,NA,NA,NA,NA,NA,NA,NA,NA,0,0,1.4,1.727,"30",9,"1","0","1","0",NA,NA,0,"0","2","4","0","1","0",NA,NA,NA,NA,0,0,"POC650G0800S","HY99",413,235,1187,NA,NA,NA,NA,NA,295,165,203,NA,NA,NA,NA,NA,NA,NA
"2","3","60",16,1,"0",NA,NA,NA,115,115,100,"0","0","0","0",1000,0,0,0,0,"0","-1","-1","-1",0,0,0,"30",0,0,0,NA,NA,NA,NA,NA,NA,NA,NA,NA,NA,NA,NA,NA,NA,NA,NA,NA,NA,NA,NA,NA,NA,NA,NA,NA,NA,NA,NA,"0",3,"12","13","12","55","55","56","-1","-1","0",70,70,70,80,80,55,55,55,65,65,"7400","2","20",0,0,0,0,20,7,6000,10000,17273,"20","20",0,0.8,1.1,1.05,75,0,NA,NA,NA,"0","-1",0,"0",NA,NA,"0",0,0,0,0,0,NA,NA,NA,0,0,1.4,1.727,"30",9,"1","0","1","0",NA,NA,1,"0","0","4","0","1","0",NA,NA,NA,NA,0,0,"POC650G0800S","HY99",413,235,1187,NA,NA,NA,NA,NA,295,165,203,NA,NA,NA,NA,NA,NA,NA
"2","3","60",16,1,"0",NA,NA,NA,69,69,100,"0","0","0","0",1000,0,0,0,0,"0","-1","-1","-1",0,0,0,"30",0,0,0,NA,NA,NA,NA,NA,NA,NA,NA,NA,NA,NA,NA,NA,NA,NA,NA,NA,NA,NA,NA,NA,NA,NA,NA,NA,NA,NA,NA,"0",1,"6","-1","-1","65","-1","-1","-1","-1","0",80,0,0,0,80,65,0,0,0,65,"7400","2","25",0,0,0,0,25,8,0,0,17273,"25","25",0,0.8,1.1,1.05,85,0,NA,NA,NA,"0","-1",0,"0",NA,NA,"0",0,0,0,0,0,NA,NA,NA,0,0,1.4,1.727,"30",9,"1","1","0","0",NA,NA,0,"0","0","4","0","1","0",NA,NA,NA,NA,0,0,"069Z0412AN","PF778",280,176,953,NA,NA,NA,NA,NA,207,38.1,147,NA,NA,NA,NA,NA,NA,NA
"2","3","60",16,1,"0",NA,NA,NA,69,69,100,"0","0","0","0",1000,0,0,0,0,"0","-1","-1","-1",0,0,0,"30",75,77,78,NA,NA,NA,NA,NA,NA,NA,NA,NA,NA,NA,NA,NA,NA,NA,NA,NA,NA,NA,NA,NA,NA,NA,NA,NA,NA,NA,NA,"0",2,"6","7","7","55","56","-1","-1","-1","0",70,70,80,0,0,55,55,65,0,0,"7400","2","50",0,0,0,0,50,9,0,0,17273,"50","50",0,0.8,1.1,1.05,75,0,NA,NA,NA,"0","-1",0,"0",NA,NA,"0",1,0,0,0,0,NA,NA,NA,0,0,1.4,1.727,"30",2,"0","1","0","0",NA,NA,1,"0","0","4","0","1","0",NA,NA,NA,NA,0,0,"069Z0412AN","PF778",280,176,953,NA,NA,NA,NA,NA,207,38.1,147,NA,NA,NA,NA,NA,NA,NA
"2","3","60",16,1,"0",NA,NA,NA,13.8,13.8,100,"0","0","0","0",1000,0,0,0,0,"0","-1","-1","-1",0,0,0,"30",71,73,0,NA,NA,NA,NA,NA,NA,NA,NA,NA,NA,NA,NA,NA,NA,NA,NA,NA,NA,NA,NA,NA,NA,NA,NA,NA,NA,NA,NA,"0",1,"6","6","-1","56","-1","-1","-1","-1","0",70,80,0,0,0,55,65,0,0,0,"7400","2","20",134.3,134.3,10.67,0,20,8.5,0,0,17273,"20","20",0,0.8,1.1,1.05,76,0,NA,NA,NA,"0","-1",1,"0",NA,NA,"0",1,0,0,0,0,NA,NA,NA,0,0,1.4,1.727,"30",9,"1","0","0","0",NA,NA,1,"0","0","4","0","1","0",NA,NA,NA,NA,0,0,"015J0120AP","Z903",233,65,584,NA,NA,NA,NA,NA,156,28.6,83,NA,NA,NA,NA,NA,NA,NA
"2","3","60",16,1,"0",NA,NA,NA,13.8,13.8,100,"0","0","0","0",1000,0,0,0,0,"0","-1","-1","-1",0,0,0,"30",70,72,73,NA,NA,NA,NA,NA,NA,NA,NA,NA,NA,NA,NA,NA,NA,NA,NA,NA,NA,NA,NA,NA,NA,NA,NA,NA,NA,NA,NA,"0",2,"6","7","7","55","56","-1","-1","-1","0",70,70,80,0,80,55,55,65,0,65,"7400","2","15",74.5,74.5,9.7,0,15,7.5,0,0,17273,"15","15",0,0.8,1.1,1.05,75,0,NA,NA,NA,"0","-1",0,"0",NA,NA,"0",1,0,0,0,0,NA,NA,NA,0,0,1.4,1.727,"30",9,"1","0","0","0",NA,NA,1,"0","0","4","0","1","0",NA,NA,NA,NA,0,0,"015J0120AP","Z903",233,65,584,NA,NA,NA,NA,NA,156,28.6,83,NA,NA,NA,NA,NA,NA,NA
"2","3","60",17,1,"0",NA,NA,NA,69,69,100,"0","0","0","0",1400,0,0,0,0,"0","-1","-1","-1",0,0,0,"30",68,70,71,NA,NA,NA,NA,NA,NA,NA,NA,NA,NA,NA,NA,NA,NA,NA,NA,NA,NA,NA,NA,NA,NA,NA,NA,NA,NA,NA,NA,"0",3,"6","7","7","65","65","65","-1","-1","1",80,80,80,80,80,65,65,65,65,65,"7400","2","39",162,162,28,0,39,9,0,0,17273,"39","39",0,0.8,1.1,1.05,85,0,NA,NA,NA,"0","-1",0,"0",NA,NA,"0",1,0,0,0,0,NA,NA,NA,0,0,1.4,1.727,"30",9,"1","1","1","0",NA,NA,0,"0","2","0","0","1","4",NA,NA,NA,NA,0,0,"POC550G0800S","HQ86",387,235,1092,NA,NA,NA,NA,NA,279,165,187,NA,NA,NA,NA,NA,NA,NA
"2","3","60",16,1,"0",NA,NA,NA,69,69,100,"0","0","0","0",1400,0,0,0,0,"0","2","0","0",0,0,0,"30",68,70,71,NA,NA,NA,NA,NA,NA,NA,NA,NA,NA,NA,NA,NA,NA,NA,NA,NA,NA,NA,NA,NA,NA,NA,NA,NA,NA,NA,NA,"0",3,"6","7","7","65","65","65","-1","-1","1",80,80,80,80,80,65,65,65,65,65,"5250","2","39",0,0,0,0,39,9,0,0,1.7,"39","39",0,0.8,1.1,1.05,85,0,NA,NA,NA,"0","-1",0,"0",NA,NA,"0",1,0,0,0,0,NA,NA,NA,0,0,1.4,1.727,"30",9,"1","1","0","0",NA,NA,0,"0","0","4","0","4","2",NA,NA,NA,NA,0,0,"B89593-70","IL29",270,114,952,NA,NA,NA,NA,NA,225,38.1,114,NA,NA,NA,NA,NA,NA,NA
"2","3","60",16,1,"0",NA,NA,NA,69,69,100,"0","0","0","0",1400,0,0,0,0,"0","2","0","0",0,0,0,"30",68,70,71,NA,NA,NA,NA,NA,NA,NA,NA,NA,NA,NA,NA,NA,NA,NA,NA,NA,NA,NA,NA,NA,NA,NA,NA,NA,NA,NA,NA,"0",3,"6","7","7","65","65","65","-1","-1","1",80,80,80,80,80,65,65,65,65,65,"5250","2","39",0,0,0,0,39,9,0,0,1.6,"39","39",0,0.8,1.1,1.05,85,0,NA,NA,NA,"0","-1",0,"0",NA,NA,"0",1,0,0,0,0,NA,NA,NA,0,0,1.4,1.6,"30",9,"1","1","0","0",NA,NA,0,"0","2","0","0","4","2",NA,NA,NA,NA,0,0,"B89593-70","IL29",270,114,952,NA,NA,NA,NA,NA,225,38.1,114,NA,NA,NA,NA,NA,NA,NA
"2","3","60",16,1,"0",NA,NA,NA,115,115,100,"0","0","0","0",1000,0,0,0,0,"0","-1","-1","-1",0,0,0,"30",73,75,76,NA,NA,NA,NA,NA,NA,NA,NA,NA,NA,NA,NA,NA,NA,NA,NA,NA,NA,NA,NA,NA,NA,NA,NA,NA,NA,NA,NA,"0",3,"6","7","7","55","55","56","-1","-1","0",70,70,70,80,80,55,55,55,65,65,"7400","2","18",73.83,73.83,17.16,0,18,9,1200,3300,17273,"18","18",0,0.8,1.1,1.05,75,0,NA,NA,NA,"0","-1",0,"0",NA,NA,"0",0,0,0,0,0,NA,NA,NA,0,0,1.4,1.727,"30",10,"0","0","1","0",NA,NA,0,"0","0","4","0","1","0",NA,NA,NA,NA,0,0,"115W0800AA","ED70",426,215,1103,NA,NA,NA,NA,NA,276,165,203,NA,NA,NA,NA,NA,NA,NA
"2","3","60",7,1,"1",NA,NA,NA,138,138,100,"0","0","0","0",1000,0,0,8,0,"0","-1","-1","-1",0,0,0,"30",72,74,75,0,5,13.8,110,110,110,4.665,6.2,7.77,-1,-1,0,1.4,0,-1,-1,"0",1,"0",0,0,0,0,1,"-1","-1","-1","0","0",3,"6","7","7","65","65","65","-1","-1","0",80,80,80,80,0,65,65,65,65,0,"7400","2","13.3",0,0,0,0,13.3,8,0,0,17273,"13.3","13.3",0,0.8,1.1,1.05,85,0,NA,NA,NA,"0","-1",0,"0",NA,NA,"0",0,0,0,0,0,NA,NA,NA,0,0,1.4,1.727,"30",2,"0","1","0","0",NA,NA,0,"0","0","4","0","1","0",NA,NA,NA,NA,0,0,"POC650G0800S","HY99",413,235,1187,NA,NA,NA,NA,NA,295,165,203,NA,NA,NA,NA,NA,NA,NA
"2","3","60",16,1,"0",NA,NA,NA,138,138,100,"0","0","0","0",1000,0,0,0,0,"0","-1","-1","-1",0,0,0,"30",0,0,0,NA,NA,NA,NA,NA,NA,NA,NA,NA,NA,NA,NA,NA,NA,NA,NA,NA,NA,NA,NA,NA,NA,NA,NA,NA,NA,NA,NA,"0",2,"6","7","-1","65","65","-1","-1","-1","0",80,80,0,0,80,65,65,0,0,65,"7400","2","40",109,109,29,0,40,8.51,0,0,17273,"40","40",0,0.8,1.1,1.05,85,0,NA,NA,NA,"0","-1",0,"0",NA,NA,NA,NA,NA,NA,NA,NA,NA,NA,NA,0,0,1.4,1.727,"30",9,"1","0","0","0",NA,NA,0,"0","0","4","0","1","0",NA,NA,NA,NA,0,0,"POC650G0800S","HY99",413,235,1187,NA,NA,NA,NA,NA,295,165,203,NA,NA,NA,NA,NA,NA,NA
"2","3","60",16,1,"0",NA,NA,NA,69,69,100,"0","0","0","0",2500,0,0,0,0,"0","-1","-1","-1",0,0,0,"30",67,69,72,NA,NA,NA,NA,NA,NA,NA,NA,NA,NA,NA,NA,NA,NA,NA,NA,NA,NA,NA,NA,NA,NA,NA,NA,NA,NA,NA,NA,"0",2,"6","7","7","55","56","-1","-1","-1","0",70,70,80,0,80,55,55,65,0,65,"7400","2","7.5",34.27,34.27,11.08,0,7.5,8,2000,5000,17273,"7.5","7.5",0,0.8,1.1,1.05,75,0,NA,NA,NA,"0","-1",0,"0",NA,NA,"0",0,0,0,0,0,NA,NA,NA,0,0,1.4,1.727,"30",10,"0","0","1","0",NA,NA,0,"0","0","4","0","1","0",NA,NA,NA,NA,0,0,"B89593-70","IL29",270,114,952,NA,NA,NA,NA,NA,225,38.1,114,NA,NA,NA,NA,NA,NA,NA
"2","3","60",17,1,"0",NA,NA,NA,115,115,100,"0","0","0","0",1200,0,0,0,0,"0","-1","-1","-1",0,0,0,"30",78,80,81,NA,NA,NA,NA,NA,NA,NA,NA,NA,NA,NA,NA,NA,NA,NA,NA,NA,NA,NA,NA,NA,NA,NA,NA,NA,NA,NA,NA,"0",3,"6","7","7","65","65","65","-1","-1","0",80,80,80,80,80,65,65,65,65,65,"7400","2","51",0,0,0,0,51,12,0,0,17273,"51","51",0,0.8,1.1,1.05,85,0,NA,NA,NA,"0","-1",0,"0",NA,NA,"0",0,0,0,0,0,NA,NA,NA,0,0,1.4,1.727,"30",2,"1","1","0","0",NA,NA,0,"0","2","0","0","1","0",NA,NA,NA,NA,0,0,"POC550G0800S","HQ86",387,235,1092,NA,NA,NA,NA,NA,279,165,187,NA,NA,NA,NA,NA,NA,NA
"2","3","60",16,1,"0",NA,NA,NA,115,115,100,"0","0","0","0",1250,0,0,0,0,"0","-1","-1","-1",0,0,0,"30",70,72,74,NA,NA,NA,NA,NA,NA,NA,NA,NA,NA,NA,NA,NA,NA,NA,NA,NA,NA,NA,NA,NA,NA,NA,NA,NA,NA,NA,NA,"0",3,"6","7","7","55","55","55","-1","-1","1",70,70,70,0,80,55,55,55,0,65,"7400","2","10",0,0,0,0,10,9,0,0,17273,"10","10",0,0.8,1.1,1.05,75,0,NA,NA,NA,"0","-1",0,"0",NA,NA,"0",0,0,0,0,0,NA,NA,NA,0,0,1.4,1.727,"30",9,"1","1","0","0",NA,NA,0,"0","0","4","0","1","4",NA,NA,NA,NA,0,0,"POC550G0800S","HQ86",387,235,1092,NA,NA,NA,NA,NA,279,165,187,NA,NA,NA,NA,NA,NA,NA
"2","3","60",18,1,"0",NA,NA,NA,138,138,100,"0","0","0","0",1000,0,0,0,0,"0","-1","-1","-1",0,0,0,"30",75,77,78,NA,NA,NA,NA,NA,NA,NA,NA,NA,NA,NA,NA,NA,NA,NA,NA,NA,NA,NA,NA,NA,NA,NA,NA,NA,NA,NA,NA,"0",3,"6","7","7","55","55","55","-1","-1","0",70,70,70,0,80,55,55,55,0,65,"7400","2","30",108,108,21,0,30,9,1473,4901,17273,"30","30",0,0.8,1.1,1.05,75,0,NA,NA,NA,"0","-1",0,"0",NA,NA,"0",1,0,0,0,0,NA,NA,NA,0,0,1.4,1.727,"30",9,"1","1","1","0",NA,NA,0,"0","2","4","0","1","0",NA,NA,NA,NA,0,0,"POC550G0800S","HQ86",387,235,1092,NA,NA,NA,NA,NA,279,165,187,NA,NA,NA,NA,NA,NA,NA
"2","3","60",17,1,"0",NA,NA,NA,85,85,100,"0","0","0","0",2500,0,0,0,0,"0","-1","-1","-1",0,0,0,"30",74,76,0,NA,NA,NA,NA,NA,NA,NA,NA,NA,NA,NA,NA,NA,NA,NA,NA,NA,NA,NA,NA,NA,NA,NA,NA,NA,NA,NA,NA,"0",2,"12","13","-1","65","65","-1","-1","-1","1",80,80,0,0,80,65,65,0,0,65,"7400","2","22",0,0,0,0,30,12.76,0,0,17273,"22","22",0,0.8,1.1,1.05,85,0,NA,NA,NA,"0","-1",0,"0",NA,NA,"0",0,0,0,0,0,NA,NA,NA,0,0,1.4,1.727,"30",9,"1","1","0","0",NA,NA,0,"0","2","0","0","1","4",NA,NA,NA,NA,0,0,NA,NA,0,0,0,NA,NA,NA,NA,NA,0,0,0,NA,NA,NA,NA,NA,NA,NA
"2","3","60",16,1,"0",NA,NA,NA,115,115,100,"0","0","0","0",1000,0,0,0,0,"0","-1","-1","-1",0,0,0,"30",71,73,74,NA,NA,NA,NA,NA,NA,NA,NA,NA,NA,NA,NA,NA,NA,NA,NA,NA,NA,NA,NA,NA,NA,NA,NA,NA,NA,NA,NA,"0",2,"12","13","13","55","56","-1","-1","-1","0",70,70,80,0,80,55,55,65,0,65,"7400","2","15",0,0,0,0,15,6.5,3187.56,3551,17273,"15","15",0,0.8,1.1,1.05,75,0,NA,NA,NA,"0","-1",0,"0",NA,NA,"0",1,0,0,0,0,NA,NA,NA,0,0,1.4,1.727,"30",10,"0","0","1","0",NA,NA,0,"0","0","4","0","1","0",NA,NA,NA,NA,0,0,"POC550G0800S","HQ86",387,235,1092,NA,NA,NA,NA,NA,279,165,187,NA,NA,NA,NA,NA,NA,NA
"2","3","60",18,1,"0",NA,NA,NA,115,115,100,"0","0","0","0",1000,0,0,0,0,"0","-1","-1","-1",0,0,0,"30",75,77,78,NA,NA,NA,NA,NA,NA,NA,NA,NA,NA,NA,NA,NA,NA,NA,NA,NA,NA,NA,NA,NA,NA,NA,NA,NA,NA,NA,NA,"0",3,"6","7","7","55","55","56","-1","-1","0",70,70,70,80,80,55,55,55,65,65,"7400","2","28",0,0,0,0,28,9.5,500,5000,17273,"28","28",0,0.8,1.1,1.05,75,0,NA,NA,NA,"0","-1",0,"0",NA,NA,"0",1,0,0,0,0,NA,NA,NA,0,0,1.4,1.727,"30",9,"1","1","1","0",NA,NA,0,"0","2","4","0","1","0",NA,NA,NA,NA,0,0,NA,NA,0,0,0,NA,NA,NA,NA,NA,0,0,0,NA,NA,NA,NA,NA,NA,NA
"2","3","60",16,1,"0",NA,NA,NA,115,115,100,"0","0","0","0",1000,0,0,0,0,"0","-1","-1","-1",0,0,0,"30",0,0,0,NA,NA,NA,NA,NA,NA,NA,NA,NA,NA,NA,NA,NA,NA,NA,NA,NA,NA,NA,NA,NA,NA,NA,NA,NA,NA,NA,NA,"0",3,"6","7","7","55","55","56","-1","-1","0",70,70,70,80,80,55,55,55,65,65,"8500","2","28",0,0,0,0,28,9,0,0,17273,"28","28",0,0.8,1.1,1.05,75,0,NA,NA,NA,"0","-1",0,"0",NA,NA,"0",1,0,0,0,0,NA,NA,NA,0,0,1.4,1.727,"30",9,"1","1","1","0",NA,NA,0,"4","0","4","0","1","0",NA,NA,NA,NA,0,0,"POC550G0800S","HQ86",387,235,1092,NA,NA,NA,NA,NA,279,165,187,NA,NA,NA,NA,NA,NA,NA
"2","3","60",18,1,"0",NA,NA,NA,138,138,100,"0","0","0","0",1000,0,0,0,0,"0","-1","-1","-1",0,0,0,"30",72,74,75,NA,NA,NA,NA,NA,NA,NA,NA,NA,NA,NA,NA,NA,NA,NA,NA,NA,NA,NA,NA,NA,NA,NA,NA,NA,NA,NA,NA,"0",3,"6","7","7","55","55","56","-1","-1","0",70,70,70,80,0,55,55,55,65,0,"7400","2","15",52.8,52.8,13.9,0,15,10,1800,5800,17273,"15","15",0,0.8,1.1,1.05,75,0,NA,NA,NA,"0","-1",0,"0",NA,NA,"0",0,0,0,0,0,NA,NA,NA,0,0,1.4,1.727,"30",10,"0","0","1","0",NA,NA,0,"0","0","4","0","1","0",NA,NA,NA,NA,0,0,"POC650G0800S","HY99",413,235,1187,NA,NA,NA,NA,NA,295,165,203,NA,NA,NA,NA,NA,NA,NA
"2","3","60",18,1,"0",NA,NA,NA,138,138,100,"0","0","0","0",1000,0,0,0,0,"0","-1","-1","-1",0,0,0,"30",72,74,75,NA,NA,NA,NA,NA,NA,NA,NA,NA,NA,NA,NA,NA,NA,NA,NA,NA,NA,NA,NA,NA,NA,NA,NA,NA,NA,NA,NA,"0",3,"6","7","7","55","55","56","-1","-1","0",70,70,70,80,80,55,55,55,65,65,"7400","2","15",51.8,51.8,13.5,0,15,10,1800,5800,17273,"15","15",0,0.8,1.1,1.05,75,0,NA,NA,NA,"0","-1",0,"0",NA,NA,"0",0,0,0,0,0,NA,NA,NA,0,0,1.4,1.727,"30",10,"0","0","1","0",NA,NA,0,"0","2","4","0","1","0",NA,NA,NA,NA,0,0,"POC650G0800S","HY99",413,235,1187,NA,NA,NA,NA,NA,295,165,203,NA,NA,NA,NA,NA,NA,NA
"2","3","60",16,1,"0",NA,NA,NA,110,110,100,"0","0","0","0",1000,0,0,0,0,"0","-1","-1","-1",0,0,0,"30",70,72,74,NA,NA,NA,NA,NA,NA,NA,NA,NA,NA,NA,NA,NA,NA,NA,NA,NA,NA,NA,NA,NA,NA,NA,NA,NA,NA,NA,NA,"0",2,"6","7","7","55","56","-1","-1","-1","0",70,70,80,0,80,55,55,65,0,65,"7400","2","10",32.06,32.06,10.74,0,10,9,2000,6000,17273,"10","10",0,0.8,1.1,1.05,75,0,NA,NA,NA,"0","-1",0,"0",NA,NA,"0",0,0,0,0,0,NA,NA,NA,0,0,1.4,1.727,"30",10,"0","0","1","0",NA,NA,0,"0","0","4","0","1","0",NA,NA,NA,NA,0,0,"115W0800AA","ED70",426,215,1103,NA,NA,NA,NA,NA,276,165,203,NA,NA,NA,NA,NA,NA,NA
"2","3","60",17,1,"0",NA,NA,NA,115,115,100,"0","0","0","0",1000,0,0,0,0,"0","2","0","0",0,0,0,"30",80,82,83,NA,NA,NA,NA,NA,NA,NA,NA,NA,NA,NA,NA,NA,NA,NA,NA,NA,NA,NA,NA,NA,NA,NA,NA,NA,NA,NA,NA,"0",3,"6","7","7","55","55","56","-1","-1","1",70,70,70,80,80,55,55,55,65,65,"7400","2","88",0,0,0,0,88,7.67,0,0,17273,"88","88",0,0.8,1.1,1.05,75,0,NA,NA,NA,"0","-1",0,"0",NA,NA,"0",1,0,0,0,0,NA,NA,NA,0,0,1.4,1.727,"30",9,"1","1","1","0",NA,NA,0,"0","2","0","0","1","4",NA,NA,NA,NA,0,0,"POC550G1216CMS","RM02",387,235,1092,NA,NA,NA,NA,NA,278,267,187,NA,NA,NA,NA,NA,NA,NA
"2","3","60",16,1,"0",NA,NA,NA,69,69,100,"0","0","0","0",1000,0,0,0,0,"0","-1","-1","-1",0,0,0,"30",68,70,0,NA,NA,NA,NA,NA,NA,NA,NA,NA,NA,NA,NA,NA,NA,NA,NA,NA,NA,NA,NA,NA,NA,NA,NA,NA,NA,NA,NA,"0",2,"6","7","-1","65","65","-1","-1","-1","0",80,80,0,0,80,65,65,0,0,65,"7400","2","10",0,0,0,0,10,5.75,0,0,17273,"10","10",0,0.8,1.1,1.05,85,0,NA,NA,NA,"0","-1",0,"0",NA,NA,"0",0,0,0,0,0,NA,NA,NA,0,0,1.4,1.727,"30",9,"1","1","1","0",NA,NA,0,"0","0","4","0","1","0",NA,NA,NA,NA,0,0,"069Z0412AN","PF778",280,176,953,NA,NA,NA,NA,NA,207,38.1,147,NA,NA,NA,NA,NA,NA,NA
"2","3","60",16,1,"0",NA,NA,NA,34.5,34.5,100,"0","0","0","0",1000,0,0,0,0,"0","-1","-1","-1",0,0,0,"30",70,72,0,NA,NA,NA,NA,NA,NA,NA,NA,NA,NA,NA,NA,NA,NA,NA,NA,NA,NA,NA,NA,NA,NA,NA,NA,NA,NA,NA,NA,"0",2,"12","13","-1","55","55","-1","-1","-1","0",70,70,0,0,80,55,55,0,0,65,"7400","2","15",0,0,0,0,15,7,0,0,17273,"15","15",0,0.8,1.1,1.05,75,0,NA,NA,NA,"0","-1",0,"0",NA,NA,"0",0,0,0,0,0,NA,NA,NA,0,0,1.4,1.727,"30",9,"1","1","0","0",NA,NA,1,"0","0","4","0","1","0",NA,NA,NA,NA,0,0,"B88843-178-70","PJ482",280,235,825.5,NA,NA,NA,NA,NA,238.1,76,152.4,NA,NA,NA,NA,NA,NA,NA
"2","3","60",16,1,"0",NA,NA,NA,69,69,100,"0","0","0","0",1000,0,0,0,0,"0","-1","-1","-1",0,0,0,"30",73,75,76,NA,NA,NA,NA,NA,NA,NA,NA,NA,NA,NA,NA,NA,NA,NA,NA,NA,NA,NA,NA,NA,NA,NA,NA,NA,NA,NA,NA,"0",2,"6","7","7","55","56","-1","-1","-1","0",70,70,80,0,80,55,55,65,0,65,"7400","2","28",0,0,0,0,28,8,0,0,17273,"28","28",0,0.8,1.1,1.05,75,0,NA,NA,NA,"0","-1",0,"0",NA,NA,"0",0,0,0,0,0,NA,NA,NA,0,0,1.4,1.727,"30",2,"0","1","0","0",NA,NA,1,"0","0","4","0","1","0",NA,NA,NA,NA,0,0,"069Z0412AN","PF778",280,176,953,NA,NA,NA,NA,NA,207,38.1,147,NA,NA,NA,NA,NA,NA,NA
"2","3","60",18,1,"0",NA,NA,NA,138,138,100,"0","0","0","0",1000,0,0,0,0,"0","-1","-1","-1",0,0,0,"30",73,75,76,NA,NA,NA,NA,NA,NA,NA,NA,NA,NA,NA,NA,NA,NA,NA,NA,NA,NA,NA,NA,NA,NA,NA,NA,NA,NA,NA,NA,"0",3,"6","7","7","55","55","56","-1","-1","0",70,70,70,80,80,55,55,55,65,65,"7400","2","24",70.78,70.78,16.84,0,24,9,0,0,17273,"24","24",0,0.8,1.1,1.05,75,0,NA,NA,NA,"0","-1",0,"0",NA,NA,"0",0,0,0,0,0,NA,NA,NA,0,0,1.4,1.727,"30",10,"0","0","1","0",NA,NA,0,"0","0","4","0","1","0",NA,NA,NA,NA,0,0,"138Z0800AA","PF746",425,214,1198,NA,NA,NA,NA,NA,278,165,203,NA,NA,NA,NA,NA,NA,NA
"2","3","60",16,1,"0",NA,NA,NA,110,110,100,"0","0","0","0",1250,0,0,0,0,"0","-1","-1","-1",0,0,0,"30",70,72,0,NA,NA,NA,NA,NA,NA,NA,NA,NA,NA,NA,NA,NA,NA,NA,NA,NA,NA,NA,NA,NA,NA,NA,NA,NA,NA,NA,NA,"0",2,"6","7","-1","55","55","-1","-1","-1","1",70,70,0,0,80,55,55,0,0,65,"7400","2","10",0,0,0,0,10,9,0,0,17273,"10","10",0,0.8,1.1,1.05,75,0,NA,NA,NA,"0","-1",0,"0",NA,NA,"0",1,0,0,0,0,NA,NA,NA,0,0,1.4,1.727,"30",9,"1","1","0","0",NA,NA,1,"0","0","4","0","1","4",NA,NA,NA,NA,0,0,"POC550G0800S","HQ86",387,235,1092,NA,NA,NA,NA,NA,279,165,187,NA,NA,NA,NA,NA,NA,NA
"2","3","60",17,1,"0",NA,NA,NA,230,230,100,"0","0","0","0",2500,0,0,0,0,"0","2","0","0",0,0,0,"30",82,84,0,NA,NA,NA,NA,NA,NA,NA,NA,NA,NA,NA,NA,NA,NA,NA,NA,NA,NA,NA,NA,NA,NA,NA,NA,NA,NA,NA,NA,"0",2,"6","7","-1","65","65","-1","-1","-1","1",80,80,0,0,80,65,65,0,0,65,"7400","2","100",0,0,0,0,100,12,0,0,17273,"100","100",0,0.8,1.1,1.05,85,0,NA,NA,NA,"0","-1",0,"0",NA,NA,"0",0,0,0,0,0,NA,NA,NA,0,0,1.4,1.727,"30",2,"1","1","0","0",NA,NA,0,"0","2","0","0","1","2",NA,NA,NA,NA,0,0,"ETA-252/1250-3 ","PJ841",550,380,1045,NA,NA,NA,NA,NA,424,0,220,NA,NA,NA,NA,NA,NA,NA
"2","3","60",16,1,"0",NA,NA,NA,161,161,100,"0","0","0","0",1000,0,0,0,0,"0","-1","-1","-1",0,0,0,"30",74,76,0,NA,NA,NA,NA,NA,NA,NA,NA,NA,NA,NA,NA,NA,NA,NA,NA,NA,NA,NA,NA,NA,NA,NA,NA,NA,NA,NA,NA,"0",2,"6","7","-1","65","65","-1","-1","-1","0",80,80,0,0,80,65,65,0,0,65,"7400","2","25",0,0,0,0,25,7.9,0,0,17273,"25","25",0,0.8,1.1,1.05,85,0,NA,NA,NA,"0","-1",0,"0",NA,NA,"0",0,0,0,0,0,NA,NA,NA,0,0,1.4,1.727,"30",2,"0","1","0","0",NA,NA,0,"0","0","4","0","1","0",NA,NA,NA,NA,0,0,"POC650G0800S","HY99",413,235,1187,NA,NA,NA,NA,NA,295,165,203,NA,NA,NA,NA,NA,NA,NA
"2","3","60",16,1,"0",NA,NA,NA,115,115,100,"0","0","0","0",1000,0,0,0,0,"0","-1","-1","-1",0,0,0,"30",70,72,74,NA,NA,NA,NA,NA,NA,NA,NA,NA,NA,NA,NA,NA,NA,NA,NA,NA,NA,NA,NA,NA,NA,NA,NA,NA,NA,NA,NA,"0",2,"6","7","7","55","56","-1","-1","-1","0",70,70,80,0,0,55,55,65,0,0,"7400","2","10",41.61,41.61,12.2,0,10,8.5,1901.2,6560,17273,"10","10",0,0.8,1.1,1.05,75,0,NA,NA,NA,"0","-1",0,"0",NA,NA,"0",0,0,0,0,0,NA,NA,NA,0,0,1.4,1.727,"30",10,"0","0","1","0",NA,NA,0,"0","0","4","0","1","0",NA,NA,NA,NA,0,0,"POC550G0800S","HQ86",387,235,1092,NA,NA,NA,NA,NA,279,165,187,NA,NA,NA,NA,NA,NA,NA
"2","3","60",18,1,"0",NA,NA,NA,69,69,100,"0","0","0","0",1000,0,0,0,0,"0","-1","-1","-1",0,0,0,"30",70,72,73,NA,NA,NA,NA,NA,NA,NA,NA,NA,NA,NA,NA,NA,NA,NA,NA,NA,NA,NA,NA,NA,NA,NA,NA,NA,NA,NA,NA,"0",3,"6","7","7","65","65","65","-1","-1","0",80,80,80,80,80,65,65,65,65,65,"7400","2","15",0,0,0,0,15,8.5,0,0,17273,"15","15",0,0.8,1.1,1.05,85,0,NA,NA,NA,"0","-1",0,"0",NA,NA,"0",0,0,0,0,0,NA,NA,NA,0,0,1.4,1.727,"30",2,"0","1","0","0",NA,NA,1,"0","2","4","0","1","0",NA,NA,NA,NA,0,0,"069Z0412AN","PF778",280,176,953,NA,NA,NA,NA,NA,207,38.1,147,NA,NA,NA,NA,NA,NA,NA
"2","3","60",16,1,"0",NA,NA,NA,115,115,100,"0","0","0","0",2300,0,0,0,0,"0","2","0","0",0,0,0,"30",73,75,0,NA,NA,NA,NA,NA,NA,NA,NA,NA,NA,NA,NA,NA,NA,NA,NA,NA,NA,NA,NA,NA,NA,NA,NA,NA,NA,NA,NA,"0",2,"6","7","-1","65","65","-1","-1","-1","1",80,80,0,0,80,65,65,0,0,65,"7400","2","16",0,0,0,0,16,9,0,0,17273,"16","16",0,0.8,1.1,1.05,85,0,NA,NA,NA,"0","-1",0,"0",NA,NA,"0",1,0,0,0,0,NA,NA,NA,0,0,1.4,1.727,"30",9,"1","1","1","0",NA,NA,0,"0","0","4","0","1","4",NA,NA,NA,NA,0,0,"POC550G0800S","HQ86",387,235,1092,NA,NA,NA,NA,NA,279,165,187,NA,NA,NA,NA,NA,NA,NA
"2","3","60",16,1,"0",NA,NA,NA,67,67,100,"0","0","0","0",1300,0,0,0,0,"0","-1","-1","-1",0,0,0,"30",70,72,73,NA,NA,NA,NA,NA,NA,NA,NA,NA,NA,NA,NA,NA,NA,NA,NA,NA,NA,NA,NA,NA,NA,NA,NA,NA,NA,NA,NA,"0",3,"6","7","7","55","55","56","-1","-1","0",70,70,70,80,80,55,55,55,65,65,"7400","2","15",0,0,0,0,15,6.88,2130,7500,17273,"15","15",0,0.8,1.1,1.05,75,0,NA,NA,NA,"0","-1",0,"0",NA,NA,"0",0,0,0,0,0,NA,NA,NA,0,0,1.4,1.727,"30",9,"1","0","1","0",NA,NA,0,"0","0","4","0","1","0",NA,NA,NA,NA,0,0,"POC550G0800S","HQ86",387,235,1092,NA,NA,NA,NA,NA,279,165,187,NA,NA,NA,NA,NA,NA,NA
"2","3","60",18,1,"0",NA,NA,NA,138,138,100,"0","0","0","0",1000,0,0,0,0,"0","-1","-1","-1",0,0,0,"30",73,75,76,NA,NA,NA,NA,NA,NA,NA,NA,NA,NA,NA,NA,NA,NA,NA,NA,NA,NA,NA,NA,NA,NA,NA,NA,NA,NA,NA,NA,"0",3,"6","7","7","55","55","56","-1","-1","0",70,70,70,80,80,55,55,55,65,65,"7400","2","18",0,0,0,0,18,8,1463,3226,17273,"18","18",0,0.8,1.1,1.05,75,0,NA,NA,NA,"0","-1",0,"0",NA,NA,"0",0,0,0,0,0,NA,NA,NA,0,0,1.4,1.727,"30",9,"1","0","1","0",NA,NA,0,"0","2","4","0","1","0",NA,NA,NA,NA,0,0,"POC650G0800S","HY99",413,235,1187,NA,NA,NA,NA,NA,295,165,203,NA,NA,NA,NA,NA,NA,NA
"2","3","60",18,1,"0",NA,NA,NA,120,120,100,"0","0","0","0",1500,0,0,0,0,"0","-1","-1","-1",0,0,0,"30",75,0,0,NA,NA,NA,NA,NA,NA,NA,NA,NA,NA,NA,NA,NA,NA,NA,NA,NA,NA,NA,NA,NA,NA,NA,NA,NA,NA,NA,NA,"0",1,"6","-1","-1","65","-1","-1","-1","-1","1",80,0,0,0,80,65,0,0,0,65,"7400","2","30",0,0,0,0,30,8.5,0,0,17273,"30","30",0,0.8,1.1,1.05,85,0,NA,NA,NA,"0","-1",0,"0",NA,NA,"0",1,0,0,0,0,NA,NA,NA,300,20,1.2,0.03,"30",2,"1","1","0","0",NA,NA,0,"0","2","4","0","1","4",NA,NA,NA,NA,0,0,"POC650G0800S","HY99",413,235,1187,NA,NA,NA,NA,NA,295,165,203,NA,NA,NA,NA,NA,NA,NA
"2","3","60",17,1,"0","0",0,0,138,138,110,"0","0","1","0",1000,0,0,0,0,"0","2","0","0",0,0,0,"30",73,75,76,NA,NA,NA,NA,NA,NA,NA,NA,NA,NA,NA,NA,NA,NA,NA,NA,NA,NA,NA,NA,NA,NA,NA,NA,NA,NA,NA,NA,"0",3,"6","7","7","65","65","65","-1","-1","1",80,80,80,0,80,65,65,65,0,65,"7400","2","18",0,0,0,0,18,9.5,0,0,16000,"18","18",0,0.8,1.1,1.05,85,0,0,0,0,"1","-1",0,"0",0,0,"0",0,0,0,0,0,NA,NA,NA,0,0,1.4,1.6409,"30",2,"1","1","0","1",0,24,0,"0","0","4","0","1","4","0","0","0","0",0,0,"POC650G0800S","HY99",413,235,1187,180,203,0,165,40,295,165,203,584,1692,0,0,1584,584,"0"
"2","3","60",16,1,"0","1",0,0,25,25,110,"0","0","0","0",1000,0,0,0,0,"0","-1","-1","-1",0,0,0,"30",69,71,72,NA,NA,NA,NA,NA,NA,NA,NA,NA,NA,NA,NA,NA,NA,NA,NA,NA,NA,NA,NA,NA,NA,NA,NA,NA,NA,NA,NA,"0",3,"6","7","7","65","65","65","-1","-1","1",80,80,80,80,0,65,65,65,65,0,"5250","2","12",45,45,29,0,12,6.5,0,0,17273,"12","12",0,0.8,1.1,1.05,85,0,62.5,62.5,62.5,"1","-1",0,"0",0,1,"0",0,0,0,0,0,50,34,0,0,0,1.4,1.7273,"30",2,"0","1","0","0",0,24,1,"0","0","2","0","2","4","0","0","0","0",0,0,"025V1000VY","PL26",438,292,826,286,286,0,0,0,406,140,286,533,567,0,0,0,533,"0"
"2","3","60",16,1,"0","1",0,0,67,67,100,"0","0","0","0",1000,0,0,0,0,"0","-1","-1","-1",0,0,0,"30",69,71,72,NA,NA,NA,NA,NA,NA,NA,NA,NA,NA,NA,NA,NA,NA,NA,NA,NA,NA,NA,NA,NA,NA,NA,NA,NA,NA,NA,NA,"0",3,"6","7","7","55","55","56","-1","-1","0",70,70,70,80,80,55,55,55,65,65,"7400","2","12",0,0,0,0,12,8,2500,8350,17273,"12","12",0,0.8,1.1,1.05,75,0,145.8,145.8,145.8,"0","0",0,"0",0,1,"0",0,0,0,0,0,140,34,0,0,0,1.4,1.7273,"30",10,"0","0","1","0",0,24,0,"0","0","4","0","1","0","0","0","0","0",0,0,"069Z0412AN","PF778",280,176,953,121,121,0,0,0,207,38.1,147,550,972,0,0,873,550,"0"
"2","3","60",16,1,"0","1",0,0,115,115,100,"0","0","0","0",1000,0,0,0,0,"0","-1","-1","-1",0,0,0,"30",71,73,74,NA,NA,NA,NA,NA,NA,NA,NA,NA,NA,NA,NA,NA,NA,NA,NA,NA,NA,NA,NA,NA,NA,NA,NA,NA,NA,NA,NA,"0",3,"6","7","7","65","65","65","-1","-1","0",80,80,80,80,80,65,65,65,65,65,"7400","2","12",41,41,9.4,0,12,8.5,0,0,17273,"12","12",0,0.8,1.1,1.05,85,0,187.5,187.5,187.5,"0","0",0,"0",0,1,"0",0,0,0,0,0,173,34,375,0,0,1.4,1.7273,"30",10,"0","0","1","0",0,24,0,"0","0","4","0","1","0","0","0","0","0",0,0,"115W0800AA","ED70",426,215,1103,184,216,0,165,51,276,165,203,584,1331,0,0,1075,584,"0"
"2","3","60",4,1,"1","0",0,0,161,161,100,"1","1","0","0",1000,0,0,0,0,"0","-1","-1","-1",0,0,0,"30",80,82,83,0,5,13.2,110,110,110,28,37.33,46.67,-1,-1,0,0,0,-1,0,"0",1,"0",0,0,0,0,1,"-1","-1","-1","0","0",3,"6","7","7","65","65","65","-1","-1","1",80,80,80,0,80,65,65,65,0,65,"7400","2","80",0,0,0,0,80,10,5000,2500,16413,"80","80",0,0.8,1.1,1.05,85,0,0,0,0,"0","-1",0,"0",0,0,"0",0,0,0,0,0,NA,NA,NA,0,0,1.4,1.6413,"30",2,"1","1","1","1",0,24,0,"0","0","4","0","1","4","0","0","0","0",0,0,"POC750G0800S","PO79",450,267,1276,210,225,0,165,40,286,165,225,584,1980,0,0,1872,584,"0"
"2","3","60",16,1,"0","1",0,0,230,230,100,"0","0","0","0",2350,0,0,0,0,"0","-1","-1","-1",0,0,0,"30",82,84,85,NA,NA,NA,NA,NA,NA,NA,NA,NA,NA,NA,NA,NA,NA,NA,NA,NA,NA,NA,NA,NA,NA,NA,NA,NA,NA,NA,NA,"0",3,"6","7","7","55","55","56","-1","-1","1",70,70,70,80,80,55,55,55,65,65,"7400","2","87",0,0,0,0,87,10.5,0,0,17273,"87","87",0,0.8,1.1,1.05,75,0,460,460,460,"0","-1",0,"1",0,1,"0",0,0,0,0,0,345,34,750,0,0,1.4,1.7273,"30",2,"1","1","0","0",0,24,0,"0","0","4","0","1","4","0","0","0","0",0,0,"POC900G0800Z007","PI202",584,267,1536.7,240,257,0,267,88.9,316,267,257,679,2297,0,0,2189,679,"0"
"2","3","60",16,1,"0","1",0,0,25,25,110,"0","0","1","0",1000,0,0,0,0,"0","-1","-1","-1",0,0,0,"30",71,73,0,NA,NA,NA,NA,NA,NA,NA,NA,NA,NA,NA,NA,NA,NA,NA,NA,NA,NA,NA,NA,NA,NA,NA,NA,NA,NA,NA,NA,"0",1,"6","6","-1","56","-1","-1","-1","-1","0",80,80,0,0,80,65,65,0,0,65,"7400","2","20",0,0,0,0,20,5,0,0,17273,"20","20",0,0.8,1.1,1.05,76,0,83.3,83.3,83.3,"0","-1",0,"0",0,1,"0",0,0,0,0,0,70,50,0,0,0,1.4,1.7273,"30",2,"1","1","1","1",0,24,2,"0","0","4","0","1","0","0","1","0","1",0,0,"B88843-178-70","PJ482",280,235,825.5,133.4,133.4,0,0,0,238.1,76,152.4,533.4,603.2,0,0,0,533.4,"-1"
"2","3","60",16,1,"0","1",0,0,115,115,110,"0","0","0","0",1000,0,0,0,0,"0","-1","-1","-1",0,0,0,"30",73,75,76,NA,NA,NA,NA,NA,NA,NA,NA,NA,NA,NA,NA,NA,NA,NA,NA,NA,NA,NA,NA,NA,NA,NA,NA,NA,NA,NA,NA,"0",2,"6","7","7","55","56","-1","-1","-1","0",70,70,80,0,80,55,55,65,0,65,"7400","2","20",0,0,0,0,20,8,2450,6200,17273,"20","20",0,0.8,1.1,1.05,75,0,270.8,270.8,270.8,"1","-1",0,"0",0,1,"0",0,0,0,0,0,173,34,545,0,0,1.4,1.68,"30",10,"0","0","1","0",0,24,1,"0","0","4","0","1","0","1","0","0","1",0,0,"138Z0800AA","PF746",425,214,1198,184,216,0,165,51,278,165,203,682,1483,0,0,1364,682,"0"
"2","3","60",3,1,"1","0",0,0,138,138,100,"1","1","1","0",1000,0,0,0,0,"0","2","0","0",0,0,0,"30",0,0,0,0,5,13.8,110,110,110,7.5,10,12.5,-1,-1,0,0,0,-1,-1,"0",1,"0",0,0,0,0,1,"-1","-1","-1","0","0",3,"6","7","7","45","45","45","-1","-1","1",45,45,45,0,0,35,35,35,0,0,"7400","2","25",0,0,0,0,25,10,0,0,16409,"25","25",0,0.8,1.1,1.05,65,0,0,0,0,"0","-1",0,"0",0,0,"0",0,0,0,0,0,NA,NA,NA,0,0,1.4,1.6409,"30",2,"1","1","0","0",0,24,0,"0","2","0","0","1","4","0","0","0","0",NA,NA,NA,NA,NA,NA,NA,NA,NA,NA,NA,NA,NA,NA,NA,NA,NA,NA,NA,NA,NA,NA
"2","3","60",16,1,"0","1",0,0,13.8,13.8,100,"0","0","0","0",1100,0,0,0,0,"0","-1","-1","-1",0,0,0,"30",71,74,74,NA,NA,NA,NA,NA,NA,NA,NA,NA,NA,NA,NA,NA,NA,NA,NA,NA,NA,NA,NA,NA,NA,NA,NA,NA,NA,NA,NA,"0",2,"12","13","13","55","56","-1","-1","-1","0",70,70,80,0,80,55,55,65,0,65,"7400","2","20",0,0,0,0,20,6.5,0,0,17273,"20","20",0,0.8,1.1,1.05,75,0,83.3,83.3,83.3,"0","-1",0,"0",-1,0,"0",0,0,0,0,0,NA,NA,NA,0,0,1.4,1.7273,"30",2,"0","1","0","1",0,24,1,"0","0","4","0","1","0","1","1","0","1",0,0,"015J0200AS","UG46",237,83,597,92,90,0,0,0,165,38.1,102,419,276,0,0,0,419,"1"
"2","3","60",16,1,"0",NA,NA,NA,85,85,100,"0","0","3","0",2500,0,0,0,0,"0","1","0","54",0,0,0,"30",77,79,0,NA,NA,NA,NA,NA,NA,NA,NA,NA,NA,NA,NA,NA,NA,NA,NA,NA,NA,NA,NA,NA,NA,NA,NA,NA,NA,NA,NA,"0",2,"6","7","-1","65","65","-1","-1","-1","1",80,80,0,0,0,65,65,0,0,0,"7400","2","45",0,0,0,0,45,9,0,0,17273,"45","45",0,0.8,1.1,1.05,85,0,NA,NA,NA,"0","-1",1,"0",NA,NA,NA,NA,NA,NA,NA,NA,NA,NA,NA,0,0,1.4,1.727,"30",9,"1","0","0","0",NA,NA,0,"1","0","4","0","1","4",NA,NA,NA,NA,0,0,"GOB 550-800-0.5","PJ746",290,200,880,NA,NA,NA,NA,NA,280,86,126,NA,NA,NA,NA,NA,NA,NA
"2","3","60",18,1,"0",NA,NA,NA,46,46,110,"0","0","0","0",1000,0,0,0,0,"0","1","2","29",0,0,0,"30",65,65,65,NA,NA,NA,NA,NA,NA,NA,NA,NA,NA,NA,NA,NA,NA,NA,NA,NA,NA,NA,NA,NA,NA,NA,NA,NA,NA,NA,NA,"0",3,"6","7","7","55","55","56","-1","-1","1",70,70,70,80,0,55,55,55,65,0,"7400","2","12",57,57,13,0,12,8,2500,5100,17273,"12","12",0,0.8,1.1,1.05,75,0,NA,NA,NA,"1","-1",1,"0",NA,NA,"0",1,0,0,0,0,NA,NA,NA,0,0,1.65,1.71,"30",10,"0","0","1","0",NA,NA,1,"4","2","4","0","4","2",NA,NA,NA,NA,0,0,"069Z0412AN","PF778",280,176,953,NA,NA,NA,NA,NA,207,38.1,147,NA,NA,NA,NA,NA,NA,NA
"2","3","60",18,1,"0",NA,NA,NA,120,120,110,"0","0","0","0",1000,0,0,0,0,"0","1","2","29",0,0,0,"30",63,64,65,NA,NA,NA,NA,NA,NA,NA,NA,NA,NA,NA,NA,NA,NA,NA,NA,NA,NA,NA,NA,NA,NA,NA,NA,NA,NA,NA,NA,"0",3,"6","7","7","55","55","56","-1","-1","1",70,70,70,80,0,55,55,55,65,0,"7400","2","12",61,61,15,0,12,7.25,4500,9600,17273,"12","12",0,0.8,1.1,1.05,75,0,NA,NA,NA,"1","-1",1,"0",NA,NA,"0",1,0,0,0,0,NA,NA,NA,0,0,1.65,1.71,"30",10,"0","0","1","0",NA,NA,0,"4","2","4","0","4","2",NA,NA,NA,NA,0,0,"ETA-126/2000-4","PK743",400,270,790,NA,NA,NA,NA,NA,340,0,150,NA,NA,NA,NA,NA,NA,NA
"2","3","60",18,1,"0",NA,NA,NA,120,120,110,"0","0","0","0",1000,0,0,0,0,"0","1","2","29",0,0,0,"30",63,64,65,NA,NA,NA,NA,NA,NA,NA,NA,NA,NA,NA,NA,NA,NA,NA,NA,NA,NA,NA,NA,NA,NA,NA,NA,NA,NA,NA,NA,"0",3,"6","7","7","55","55","56","-1","-1","1",70,70,70,80,0,55,55,55,65,0,"5250","2","20",93,93,22,0,20,7.5,2500,5100,17273,"20","20",0,0.8,1.1,1.05,75,0,NA,NA,NA,"1","-1",1,"0",NA,NA,"0",1,0,0,0,0,NA,NA,NA,0,0,1.65,1.71,"30",10,"0","0","1","0",NA,NA,0,"4","2","4","0","4","2",NA,NA,NA,NA,0,0,"ETA-126/2000-4","PK743",400,270,790,NA,NA,NA,NA,NA,340,0,150,NA,NA,NA,NA,NA,NA,NA
"2","3","60",18,1,"0",NA,NA,NA,138,138,100,"0","0","0","0",1000,0,0,0,0,"0","1","2","40",0,0,0,"30",76,78,79,NA,NA,NA,NA,NA,NA,NA,NA,NA,NA,NA,NA,NA,NA,NA,NA,NA,NA,NA,NA,NA,NA,NA,NA,NA,NA,NA,NA,"0",3,"6","7","7","55","55","56","-1","-1","0",70,70,70,80,0,55,55,55,65,0,"7400","2","33",0,0,0,0,33,10,1800,5800,17273,"33","33",0,0.8,1.1,1.05,75,0,NA,NA,NA,"0","-1",1,"0",NA,NA,"0",0,0,0,0,0,NA,NA,NA,0,0,1.4,1.727,"30",10,"0","0","1","0",NA,NA,0,"1","2","4","0","1","0",NA,NA,NA,NA,0,0,"POC650G0800S","HY99",413,235,1187,NA,NA,NA,NA,NA,295,165,203,NA,NA,NA,NA,NA,NA,NA
"2","3","60",18,6,"0",NA,NA,NA,138,138,100,"0","0","0","0",1000,0,0,0,0,"0","1","2","40",0,0,0,"30",76,78,79,NA,NA,NA,NA,NA,NA,NA,NA,NA,NA,NA,NA,NA,NA,NA,NA,NA,NA,NA,NA,NA,NA,NA,NA,NA,NA,NA,NA,"0",3,"6","7","7","55","55","56","-1","-1","0",70,70,70,80,0,55,55,55,65,0,"7400","2","40",0,0,0,0,40,8.9,0,0,17273,"40","40",0,0.8,1.1,1.05,75,0,NA,NA,NA,"0","-1",1,"0",NA,NA,"0",1,0,0,0,0,NA,NA,NA,0,0,1.4,1.727,"30",9,"1","0","0","0",NA,NA,1,"0","2","4","0","1","0",NA,NA,NA,NA,0,0,"POC650G0800S","HY99",413,235,1187,NA,NA,NA,NA,NA,295,165,203,NA,NA,NA,NA,NA,NA,NA
"2","3","60",4,1,"1",NA,NA,NA,230,230,100,"0","0","0","0",1000,0,0,0,0,"0","1","2","10",0,0,0,"30",80,82,84,0,5,13.8,110,110,110,18.3,24.3,33.37,-1,-1,0,1.4,0,-1,-1,"0",1,"0",0,0,0,0,1,"-1","-1","-1","0","0",3,"6","7","7","65","65","65","-1","-1","0",70,70,70,80,0,55,55,55,65,0,"8500","2","55",0,0,0,0,55,10,1500,3000,17273,"55","55",0,0.8,1.1,1.05,85,0,NA,NA,NA,"0","-1",1,"0",NA,NA,"0",1,0,0,0,0,NA,NA,NA,0,0,1.4,1.727,"30",10,"0","0","1","0",NA,NA,0,"4","2","0","0","4","0",NA,NA,NA,NA,0,0,"POC1175G0800CPS","PB672",584,355,1334,NA,NA,NA,NA,NA,330,267,317,NA,NA,NA,NA,NA,NA,NA
"2","3","60",18,1,"0",NA,NA,NA,120,120,100,"0","0","0","0",1000,0,0,0,0,"0","1","2","16",0,0,0,"30",72,74,75,NA,NA,NA,NA,NA,NA,NA,NA,NA,NA,NA,NA,NA,NA,NA,NA,NA,NA,NA,NA,NA,NA,NA,NA,NA,NA,NA,NA,"0",3,"6","7","7","55","55","56","-1","-1","0",70,70,70,80,0,55,55,55,65,0,"7400","2","20",66.98,66.98,16.11,0,20,8.05,2500,5100,17273,"20","20",0,0.8,1.1,1.05,75,0,NA,NA,NA,"1","-1",1,"0",NA,NA,NA,NA,NA,NA,NA,NA,NA,NA,NA,534,574,1.65,1.71,"30",10,"0","0","1","0",NA,NA,0,"0","0","4","0","1","0",NA,NA,NA,NA,0,0,"RTKF 170-750/1600","PI723",450,315,920,NA,NA,NA,NA,NA,450,165,245,NA,NA,NA,NA,NA,NA,NA
"2","3","60",18,1,"0",NA,NA,NA,115,115,100,"0","0","0","0",1000,0,0,0,0,"0","1","2","16",0,0,0,"30",65,65,65,NA,NA,NA,NA,NA,NA,NA,NA,NA,NA,NA,NA,NA,NA,NA,NA,NA,NA,NA,NA,NA,NA,NA,NA,NA,NA,NA,NA,"0",3,"6","7","7","55","55","56","-1","-1","1",70,70,70,80,0,55,55,55,65,0,"7400","2","30",95.34,95.34,20.47,0,30,6,2500,5100,17273,"30","30",0,0.8,1.1,1.05,75,0,NA,NA,NA,"1","-1",1,"0",NA,NA,NA,NA,NA,NA,NA,NA,NA,NA,NA,0,0,1.65,1.71,"30",10,"0","0","1","0",NA,NA,0,"4","2","4","0","4","4",NA,NA,NA,NA,0,0,"RTKF 170-750/1600","PI723",450,315,920,NA,NA,NA,NA,NA,450,165,245,NA,NA,NA,NA,NA,NA,NA
"2","3","60",18,1,"0",NA,NA,NA,115,115,100,"0","0","0","0",1000,0,0,0,0,"0","1","2","16",0,0,0,"30",65,65,65,NA,NA,NA,NA,NA,NA,NA,NA,NA,NA,NA,NA,NA,NA,NA,NA,NA,NA,NA,NA,NA,NA,NA,NA,NA,NA,NA,NA,"0",3,"6","7","7","55","55","56","-1","-1","1",70,70,70,58,0,55,55,55,53,0,"5250","2","30",95.34,95.34,20.47,0,30,13,2500,5100,17273,"30","30",0,0.8,1.1,1.05,75,0,NA,NA,NA,"1","-1",1,"0",NA,NA,"0",1,554,1.68,1.05,0.92,NA,NA,NA,0,0,1.65,1.71,"30",10,"0","0","1","0",NA,NA,0,"4","2","4","0","4","4",NA,NA,NA,NA,0,0,"RTKF 170-750/1600","PI723",450,315,920,NA,NA,NA,NA,NA,450,165,245,NA,NA,NA,NA,NA,NA,NA
"2","3","60",16,1,"0",NA,NA,NA,230,230,100,"0","0","0","0",2000,0,0,0,0,"0","1","0","54",0,0,0,"30",81,83,0,NA,NA,NA,NA,NA,NA,NA,NA,NA,NA,NA,NA,NA,NA,NA,NA,NA,NA,NA,NA,NA,NA,NA,NA,NA,NA,NA,NA,"0",2,"6","7","-1","65","65","-1","-1","-1","1",80,80,0,0,80,65,65,0,0,65,"7400","2","70",260,260,51,0,70,10.5,0,0,17273,"70","70",0,0.8,1.1,1.05,85,0,NA,NA,NA,"0","-1",1,"0",NA,NA,NA,NA,NA,NA,NA,NA,NA,NA,NA,0,0,1.4,1.727,"30",9,"1","0","0","0",NA,NA,0,"0","0","4","0","1","1",NA,NA,NA,NA,0,0,"POC1175G1216CMS","PU75",584,356,1295,NA,NA,NA,NA,NA,368,267,318,NA,NA,NA,NA,NA,NA,NA
"2","3","60",16,1,"0",NA,NA,NA,230,230,100,"0","0","0","0",2000,0,0,0,0,"0","1","0","54",0,0,0,"30",77,79,0,NA,NA,NA,NA,NA,NA,NA,NA,NA,NA,NA,NA,NA,NA,NA,NA,NA,NA,NA,NA,NA,NA,NA,NA,NA,NA,NA,NA,"0",2,"6","7","-1","65","65","-1","-1","-1","1",80,80,0,0,0,65,65,0,0,0,"8500","2","30",74.65,74.65,31,0,30,10,0,0,17273,"30","30",0,0.8,1.1,1.05,85,0,NA,NA,NA,"0","-1",1,"0",NA,NA,NA,NA,NA,NA,NA,NA,NA,NA,NA,0,0,1.4,1.727,"30",9,"1","0","0","0",NA,NA,1,"4","0","4","0","4","1",NA,NA,NA,NA,0,0,"POC1175G1216CMS","PU75",584,356,1295,NA,NA,NA,NA,NA,368,267,318,NA,NA,NA,NA,NA,NA,NA
"2","3","60",3,1,"1",NA,NA,NA,138,138,100,"0","0","0","0",1000,0,0,0,0,"0","-1","-1","-1",0,0,0,"30",0,0,0,0,5,12,110,110,110,15,20,25,-1,-1,0,1.4,0,-1,0,"0",1,"0",0,0,0,0,1,"-1","-1","-1","0","0",3,"6","7","7","65","65","65","-1","-1","1",80,80,80,80,80,65,65,65,65,65,"7400","2","75",0,0,0,0,75,8.5,2000,5000,17273,"75","75",0,0.8,1.1,1.05,85,0,NA,NA,NA,"0","0",0,"0",NA,NA,NA,NA,NA,NA,NA,NA,NA,NA,NA,0,0,1.4,1.727,"30",9,"1","0","1","0",NA,NA,0,"0","2","0","0","1","2",NA,NA,NA,NA,0,0,"138Z0800AA","PF746",425,214,1198,NA,NA,NA,NA,NA,278,165,203,NA,NA,NA,NA,NA,NA,NA
"2","3","60",16,1,"0",NA,NA,NA,69,69,105,"0","0","0","0",1000,0,0,0,0,"0","1","2","23",0,0,0,"30",65,68,0,NA,NA,NA,NA,NA,NA,NA,NA,NA,NA,NA,NA,NA,NA,NA,NA,NA,NA,NA,NA,NA,NA,NA,NA,NA,NA,NA,NA,"0",2,"6","7","-1","65","65","-1","-1","-1","0",78,73,0,0,0,63,57,0,0,0,"7400","2","5",0,0,0,0,5,7,2132,10202,17273,"5","5",0,0.8,1.1,1.05,85,0,NA,NA,NA,"1","-1",1,"0",NA,NA,NA,NA,NA,NA,NA,NA,NA,NA,NA,0,0,1.4,1.68,"30",10,"0","0","1","0",NA,NA,0,"1","0","4","0","1","0",NA,NA,NA,NA,0,0,"069Z0412AN","PF778",280,176,953,NA,NA,NA,NA,NA,207,38.1,147,NA,NA,NA,NA,NA,NA,NA
"2","3","60",18,1,"0",NA,NA,NA,161,161,105,"0","0","0","0",1000,0,0,0,0,"0","1","2","23",0,0,0,"30",73,75,76,NA,NA,NA,NA,NA,NA,NA,NA,NA,NA,NA,NA,NA,NA,NA,NA,NA,NA,NA,NA,NA,NA,NA,NA,NA,NA,NA,NA,"0",3,"6","7","7","65","65","65","-1","-1","0",78,78,78,0,0,63,63,63,0,0,"7400","2","15",0,0,0,0,15,7,2132,10202,17273,"15","15",0,0.8,1.1,1.05,85,0,NA,NA,NA,"1","-1",1,"0",NA,NA,NA,NA,NA,NA,NA,NA,NA,NA,NA,0,0,1.4,1.68,"30",10,"0","0","1","0",NA,NA,0,"1","2","4","0","1","0",NA,NA,NA,NA,0,0,"POC750G0800S","PO79",450,267,1276,NA,NA,NA,NA,NA,286,165,225,NA,NA,NA,NA,NA,NA,NA
"2","3","60",16,1,"0",NA,NA,NA,50.5,50.5,105,"0","0","0","0",2438,0,0,0,0,"0","1","2","23",0,0,0,"30",65,0,0,NA,NA,NA,NA,NA,NA,NA,NA,NA,NA,NA,NA,NA,NA,NA,NA,NA,NA,NA,NA,NA,NA,NA,NA,NA,NA,NA,NA,"0",1,"6","-1","-1","65","-1","-1","-1","-1","0",78,0,0,0,0,63,0,0,0,0,"7400","2","5",0,0,0,0,5,7,2132,10202,17273,"5","5",0,0.8,1.1,1.05,85,0,NA,NA,NA,"1","-1",1,"0",NA,NA,NA,NA,NA,NA,NA,NA,NA,NA,NA,0,0,1.4,1.68,"30",10,"0","0","1","0",NA,NA,0,"1","0","4","0","1","0",NA,NA,NA,NA,0,0,"069Z0412AN","PF778",280,176,953,NA,NA,NA,NA,NA,207,38.1,147,NA,NA,NA,NA,NA,NA,NA
"2","3","60",17,1,"0",NA,NA,NA,230,230,100,"0","0","3","0",2500,0,0,0,0,"0","1","0","54",0,0,0,"30",76,78,79,NA,NA,NA,NA,NA,NA,NA,NA,NA,NA,NA,NA,NA,NA,NA,NA,NA,NA,NA,NA,NA,NA,NA,NA,NA,NA,NA,NA,"0",2,"6","7","7","55","56","-1","-1","-1","1",55,55,70,0,0,45,45,55,0,0,"7400","2","60",0,0,0,0,60,10.5,0,0,17273,"60","60",0,0.8,1.1,1.05,75,0,NA,NA,NA,"0","-1",1,"0",NA,NA,NA,NA,NA,NA,NA,NA,NA,NA,NA,0,0,1.4,1.727,"30",9,"1","0","0","0",NA,NA,0,"0","2","0","0","1","2",NA,NA,NA,NA,0,0,"GOE 1300-1150-2500-0.6-G","PJ579",480,500,1335,NA,NA,NA,NA,NA,495,258,350,NA,NA,NA,NA,NA,NA,NA
"2","3","60",18,1,"0",NA,NA,NA,69,69,100,"0","0","0","0",1000,0,0,0,0,"0","1","2","22",0,0,0,"30",71,73,74,NA,NA,NA,NA,NA,NA,NA,NA,NA,NA,NA,NA,NA,NA,NA,NA,NA,NA,NA,NA,NA,NA,NA,NA,NA,NA,NA,NA,"0",3,"6","7","7","65","65","65","-1","-1","0",80,80,80,80,0,65,65,65,65,0,"7400","2","16.8",62.34,62.34,15.39,0,16.8,7.5,1686,4161,17273,"16.8","16.8",0,0.8,1.1,1.05,85,0,NA,NA,NA,"0","-1",1,"0",NA,NA,NA,NA,NA,NA,NA,NA,NA,NA,NA,0,0,1.67,1.73,"30",9,"1","0","1","0",NA,NA,1,"1","2","4","0","1","0",NA,NA,NA,NA,0,0,"069N0412AA","PK821",280,62,952,NA,NA,NA,NA,NA,188,0,120,NA,NA,NA,NA,NA,NA,NA
"2","3","60",7,1,"1",NA,NA,NA,161,161,100,"1","1","0","0",1000,0,0,0,0,"0","-1","-1","-1",0,0,0,"30",0,0,0,0,5,12.47,110,110,110,9,12,15,-1,-1,0,1.4,0,-1,-1,"0",1,"0",0,0,0,0,1,"-1","-1","-1","0","0",3,"6","7","7","65","65","65","-1","-1","0",70,70,70,80,0,55,55,55,65,0,"7400","2","35.5",0,0,0,0,35.5,8,0,0,17273,"35.5","35.5",0,0.8,1.1,1.05,85,0,NA,NA,NA,"0","-1",0,"0",NA,NA,NA,NA,NA,NA,NA,NA,NA,NA,NA,0,0,1.4,1.727,"30",9,"1","0","0","0",NA,NA,0,"0","0","4","0","1","0",NA,NA,NA,NA,0,0,"161W0800AA","EJ69",464,368,1289,NA,NA,NA,NA,NA,336,165,289,NA,NA,NA,NA,NA,NA,NA
"2","3","60",18,1,"0",NA,NA,NA,115,115,100,"0","0","0","0",1000,0,0,0,0,"0","-1","-1","-1",0,0,0,"30",65,65,65,NA,NA,NA,NA,NA,NA,NA,NA,NA,NA,NA,NA,NA,NA,NA,NA,NA,NA,NA,NA,NA,NA,NA,NA,NA,NA,NA,NA,"0",3,"6","7","7","55","55","56","-1","-1","1",70,70,70,80,0,55,55,55,65,0,"7400","2","60",0,0,0,0,60,9,2500,5100,17273,"60","60",0,0.8,1.1,1.05,75,0,NA,NA,NA,"1","0",0,"0",NA,NA,NA,NA,NA,NA,NA,NA,NA,NA,NA,0,0,1.4,1.727,"30",9,"1","0","1","0",NA,NA,0,"0","2","4","0","1","2",NA,NA,NA,NA,0,0,"138Z0800AA","PF746",425,214,1198,NA,NA,NA,NA,NA,278,165,203,NA,NA,NA,NA,NA,NA,NA
"2","3","60",16,1,"0",NA,NA,NA,101.25,101.25,110,"0","0","0","0",1000,0,0,0,0,"0","-1","-1","-1",0,0,0,"30",0,0,0,NA,NA,NA,NA,NA,NA,NA,NA,NA,NA,NA,NA,NA,NA,NA,NA,NA,NA,NA,NA,NA,NA,NA,NA,NA,NA,NA,NA,"0",3,"6","7","7","65","65","65","-1","-1","0",80,80,80,80,80,65,65,65,65,65,"7400","2","13.2",0,0,0,0,13.2,8.5,0,0,17273,"13.2","13.2",0,0.8,1.1,1.05,85,0,NA,NA,NA,"1","-1",1,"0",NA,NA,NA,NA,NA,NA,NA,NA,NA,NA,NA,0,0,1.4,1.727,"30",9,"1","0","0","0",NA,NA,0,"4","0","4","0","1","0",NA,NA,NA,NA,0,0,"115W0800AA","ED70",426,215,1103,NA,NA,NA,NA,NA,276,165,203,NA,NA,NA,NA,NA,NA,NA
"2","3","60",16,1,"0",NA,NA,NA,101.25,101.25,100,"0","0","0","0",1000,0,0,0,0,"0","-1","-1","-1",0,0,0,"30",0,0,0,NA,NA,NA,NA,NA,NA,NA,NA,NA,NA,NA,NA,NA,NA,NA,NA,NA,NA,NA,NA,NA,NA,NA,NA,NA,NA,NA,NA,"0",3,"6","7","7","65","65","65","-1","-1","0",80,80,80,80,80,65,65,65,65,65,"7400","2","22.4",0,0,0,0,22.4,8.5,0,0,17273,"22.4","22.4",0,0.8,1.1,1.05,85,0,NA,NA,NA,"0","-1",0,"0",NA,NA,NA,NA,NA,NA,NA,NA,NA,NA,NA,0,0,1.4,1.727,"30",9,"1","0","0","0",NA,NA,0,"4","0","4","0","1","0",NA,NA,NA,NA,0,0,"115W0800AA","ED70",426,215,1103,NA,NA,NA,NA,NA,276,165,203,NA,NA,NA,NA,NA,NA,NA
"2","3","60",17,1,"0",NA,NA,NA,230,230,100,"0","0","2","0",2200,0,0,0,0,"0","1","0","54",0,0,0,"30",81,83,84,NA,NA,NA,NA,NA,NA,NA,NA,NA,NA,NA,NA,NA,NA,NA,NA,NA,NA,NA,NA,NA,NA,NA,NA,NA,NA,NA,NA,"0",3,"6","7","7","65","65","65","-1","-1","1",68,68,68,0,0,50,50,50,0,0,"7400","2","75",181,181,61,0,75,7.5,0,0,17273,"75","75",0,0.8,1.1,1.05,85,0,NA,NA,NA,"0","-1",1,"0",NA,NA,NA,NA,NA,NA,NA,NA,NA,NA,NA,0,0,1.4,1.727,"30",9,"1","0","0","0",NA,NA,0,"0","0","4","0","1","2",NA,NA,NA,NA,0,0,"230W0800UT","KV50",597,368,1429,NA,NA,NA,NA,NA,432,254,429,NA,NA,NA,NA,NA,NA,NA
"2","3","60",18,1,"0",NA,NA,NA,161,161,100,"0","0","0","0",1000,0,0,0,0,"0","1","2","22",0,0,0,"30",65,67,68,NA,NA,NA,NA,NA,NA,NA,NA,NA,NA,NA,NA,NA,NA,NA,NA,NA,NA,NA,NA,NA,NA,NA,NA,NA,NA,NA,NA,"0",3,"6","7","7","65","65","65","-1","-1","0",80,80,80,80,0,65,65,65,65,0,"5250","2","33.6",0,0,0,0,33.6,10,1742,7050,17273,"33.6","33.6",0,0.8,1.1,1.05,85,0,NA,NA,NA,"1","-1",1,"0",NA,NA,NA,NA,NA,NA,NA,NA,NA,NA,NA,0,0,1.4,1.727,"30",10,"0","0","1","0",NA,NA,0,"4","2","4","0","4","0",NA,NA,NA,NA,0,0,"161W0800AA","EJ69",464,368,1289,NA,NA,NA,NA,NA,336,165,289,NA,NA,NA,NA,NA,NA,NA
"2","3","60",7,1,"1",NA,NA,NA,230,230,100,"0","0","0","0",1000,0,0,0,0,"0","1","2","43",0,0,0,"30",84,86,87,0,5,13.8,110,110,110,46.73,63,77.88,-1,-1,0,1.4,0,-1,-1,"0",1,"0",0,0,0,0,1,"-1","-1","-1","0","0",3,"6","7","7","65","65","65","-1","-1","1",80,80,80,80,80,65,65,65,65,65,"7400","2","133.5",0,0,0,0,133.5,9,0,0,17273,"133.5","133.5",0,0.8,1.1,1.05,85,0,NA,NA,NA,"1","-1",1,"0",NA,NA,NA,NA,NA,NA,NA,NA,NA,NA,NA,0,0,1.4,1.727,"30",9,"1","0","0","0",NA,NA,0,"0","0","4","0","1","4",NA,NA,NA,NA,0,0,"POC900G0800CPS","E108",584,267,1537,NA,NA,NA,NA,NA,316,267,257,NA,NA,NA,NA,NA,NA,NA
"2","3","60",3,1,"1",NA,NA,NA,230,230,100,"0","0","0","0",1000,0,0,0,0,"0","1","2","43",0,0,0,"30",84,86,87,0,5,13.8,110,110,110,46.73,63,77.88,-1,-1,0,1.4,0,-1,-1,"0",1,"0",0,0,0,0,1,"-1","-1","-1","0","0",3,"6","7","7","65","65","65","-1","-1","1",80,80,80,80,0,65,65,65,65,0,"8500","2","133.5",0,0,0,0,133.5,9,0,0,17273,"133.5","133.5",0,0.8,1.1,1.05,85,0,NA,NA,NA,"1","-1",1,"0",NA,NA,NA,NA,NA,NA,NA,NA,NA,NA,NA,0,0,1.4,1.727,"30",9,"1","0","0","0",NA,NA,0,"4","2","0","0","4","2",NA,NA,NA,NA,0,0,"POC900G0800CPS","E108",584,267,1537,NA,NA,NA,NA,NA,316,267,257,NA,NA,NA,NA,NA,NA,NA
"2","3","60",7,1,"1",NA,NA,NA,115,115,100,"0","0","0","0",1000,0,0,0,0,"0","1","2","7",0,0,0,"30",77,79,80,0,5,13.2,110,110,110,16.53,22.03,27.54,-1,-1,0,1.4,0,-1,-1,"0",1,"0",0,0,0,0,1,"-1","-1","-1","0","0",3,"6","7","7","65","65","65","-1","-1","0",80,80,80,80,0,65,65,65,65,0,"7400","2","47.22",0,0,0,0,47.22,8.5,0,0,17273,"47.22","47.22",0,0.8,1.1,1.05,85,0,NA,NA,NA,"0","-1",1,"0",NA,NA,NA,NA,NA,NA,NA,NA,NA,NA,NA,0,0,1.4,1.727,"30",2,"0","1","0","0",NA,NA,0,"0","0","4","0","1","0",NA,NA,NA,NA,0,0,"POC550G0800S","HQ86",387,235,1092,NA,NA,NA,NA,NA,279,165,187,NA,NA,NA,NA,NA,NA,NA
"2","3","60",19,1,"0",NA,NA,NA,230,230,100,"0","0","0","0",1000,0,0,0,0,"0","-1","-1","-1",0,0,0,"30",0,0,0,NA,NA,NA,NA,NA,NA,NA,NA,NA,NA,NA,NA,NA,NA,NA,NA,NA,NA,NA,NA,NA,NA,NA,NA,NA,NA,NA,NA,"0",3,"6","7","7","65","65","65","-1","-1","1",80,80,80,80,80,65,65,65,65,65,"7400","2","50.4",0,0,0,0,50.4,10.5,2777.78,3700,17273,"50.4","50.4",0,0.8,1.1,1.05,85,0,NA,NA,NA,"1","0",0,"0",NA,NA,NA,NA,NA,NA,NA,NA,NA,NA,NA,548,848,1.4,1.727,"30",10,"0","0","1","0",NA,NA,0,"0","2","0","0","1","4",NA,NA,NA,NA,0,0,"POC900G0800CPS","E108",584,267,1537,NA,NA,NA,NA,NA,316,267,257,NA,NA,NA,NA,NA,NA,NA
"2","3","60",3,1,"1",NA,NA,NA,115,115,100,"0","0","0","0",2050,0,0,0,0,"0","2","0","0",0,0,0,"30",0,0,0,0,5,34.5,200,200,200,5,6.25,7.5,-1,-1,0,1.4,0,-1,-1,"0",1,"0",0,0,0,0,1,"-1","-1","-1","0","0",3,"6","7","7","55","55","55","-1","-1","1",70,70,70,0,80,55,55,55,0,65,"7400","2","90",0,0,0,0,90,7.5,0,0,17273,"90","90",0,0.8,1.1,1.05,75,0,NA,NA,NA,"0","-1",0,"0",NA,NA,"0",1,0,0,0,0,NA,NA,NA,0,0,1.4,1.727,"30",9,"1","0","0","0",NA,NA,0,"0","2","0","0","1","2",NA,NA,NA,NA,0,0,"ETA-126/1250-4","PJ846",400,270,900,NA,NA,NA,NA,NA,360,141,141,NA,NA,NA,NA,NA,NA,NA
"2","3","60",16,1,"0",NA,NA,NA,230,230,100,"0","0","0","0",1000,0,0,0,0,"0","2","0","0",0,0,0,"30",0,0,0,NA,NA,NA,NA,NA,NA,NA,NA,NA,NA,NA,NA,NA,NA,NA,NA,NA,NA,NA,NA,NA,NA,NA,NA,NA,NA,NA,NA,"0",3,"6","7","7","65","65","65","-1","-1","1",80,80,80,80,80,65,65,65,65,65,"7400","2","38",0,0,0,0,38,9,0,0,17273,"38","38",0,0.8,1.1,1.05,85,0,NA,NA,NA,"0","0",0,"0",NA,NA,NA,NA,NA,NA,NA,NA,NA,NA,NA,0,0,1.4,1.727,"30",9,"1","0","0","0",NA,NA,0,"4","0","4","0","1","4",NA,NA,NA,NA,0,0,"230Z0800AA","PK024",597,324,1525,NA,NA,NA,NA,NA,361,254,428,NA,NA,NA,NA,NA,NA,NA
"2","3","60",17,1,"0",NA,NA,NA,115,115,100,"0","0","0","0",1000,0,0,0,0,"0","-1","-1","-1",0,0,0,"30",0,0,0,NA,NA,NA,NA,NA,NA,NA,NA,NA,NA,NA,NA,NA,NA,NA,NA,NA,NA,NA,NA,NA,NA,NA,NA,NA,NA,NA,NA,"0",2,"6","7","-1","65","65","-1","-1","-1","1",80,80,0,0,80,65,65,0,0,65,"7400","2","86",0,0,0,0,86,9.5,0,0,17273,"86","86",0,0.8,1.1,1.05,85,0,NA,NA,NA,"0","-1",0,"0",NA,NA,"0",1,0,0,0,0,NA,NA,NA,0,0,1.4,1.727,"30",9,"1","0","0","0",NA,NA,0,"0","2","0","0","1","2",NA,NA,NA,NA,0,0,"138Z0800XA","PF986",425,214,1199,NA,NA,NA,NA,NA,272,165,203,NA,NA,NA,NA,NA,NA,NA
"2","3","60",16,1,"0",NA,NA,NA,138,138,100,"0","0","0","0",1000,0,0,0,0,"0","-1","-1","-1",0,0,0,"30",0,0,0,NA,NA,NA,NA,NA,NA,NA,NA,NA,NA,NA,NA,NA,NA,NA,NA,NA,NA,NA,NA,NA,NA,NA,NA,NA,NA,NA,NA,"0",3,"6","7","7","65","65","65","-1","-1","0",80,80,80,80,80,65,65,65,65,65,"7400","2","24",0,0,0,0,24,8.5,1483,5104,17273,"24","24",0,0.8,1.1,1.05,85,0,NA,NA,NA,"0","0",0,"0",NA,NA,NA,NA,NA,NA,NA,NA,NA,NA,NA,385,685,1.4,1.727,"30",9,"1","0","1","0",NA,NA,0,"0","0","4","0","1","0",NA,NA,NA,NA,0,0,"138Z0800AA","PF746",425,214,1198,NA,NA,NA,NA,NA,278,165,203,NA,NA,NA,NA,NA,NA,NA
"2","3","60",18,4,"0",NA,NA,NA,115,115,100,"0","0","0","0",1500,0,0,0,0,"0","1","2","4",0,0,0,"30",78,80,81,NA,NA,NA,NA,NA,NA,NA,NA,NA,NA,NA,NA,NA,NA,NA,NA,NA,NA,NA,NA,NA,NA,NA,NA,NA,NA,NA,NA,"0",3,"6","7","7","55","55","56","-1","-1","0",70,70,70,80,0,55,55,55,65,0,"7400","2","60",0,0,0,0,60,9.5,1800,5800,17273,"60","60",0,0.8,1.1,1.05,75,0,NA,NA,NA,"1","-1",1,"0",NA,NA,"0",0,0,0,0,0,NA,NA,NA,0,0,1.4,1.727,"30",10,"0","0","1","0",NA,NA,0,"0","2","4","0","1","0",NA,NA,NA,NA,0,0,"POC650G0800S","HY99",413,235,1187,NA,NA,NA,NA,NA,295,165,203,NA,NA,NA,NA,NA,NA,NA
"1","3","60",12,1,"1",NA,NA,NA,230,230,100,"0","0","0","0",1000,0,0,0,0,"0","-1","-1","-1",0,0,0,"30",0,0,0,0,5,13.8,110,110,110,24,32,40,-1,-1,0,1.4,2.7,-1,-1,"0",1,"0",0,0,0,0,1,"-1","-1","-1","0","0",3,"6","7","7","65","65","65","-1","-1","1",80,80,80,80,80,65,65,65,65,65,"7400","2","135",0,0,0,0,135,8,2000,5000,17273,"135","135",0,0.8,1.1,1.05,85,0,NA,NA,NA,"0","-1",1,"0",NA,NA,"0",0,0,0,0,0,NA,NA,NA,0,0,1.4,1.727,"30",9,"1","0","1","0",NA,NA,0,"0","0","4","0","1","4",NA,NA,NA,NA,0,0,"230Z0800AA","PK024",597,324,1525,NA,NA,NA,NA,NA,361,254,428,NA,NA,NA,NA,NA,NA,NA
"2","3","60",3,1,"1",NA,NA,NA,345,345,100,"1","1","0","0",1000,0,0,0,0,"0","-1","-1","-1",0,0,0,"30",0,0,0,0,5,13.2,110,110,110,34.7,46.2,57.8,-1,-1,0,1.4,0,-1,-1,"0",1,"0",0,0,0,0,1,"-1","-1","-1","0","0",3,"6","7","7","65","65","65","-1","-1","1",76,76,76,80,0,61,61,61,65,0,"7400","2","99",0,0,0,0,99,9.5,2730,5610,1546,"99","99",0,0.8,1.1,1.05,85,0,NA,NA,NA,"0","-1",1,"0",NA,NA,"0",0,0,0,0,0,NA,NA,NA,0,0,1.4,1.727,"30",9,"1","0","1","0",NA,NA,0,"0","0","4","0","1","2",NA,NA,NA,NA,0,0,"RTF 345-1175/2000 F KSI","PK429",597,365,1295,NA,NA,NA,NA,NA,479,165,300,NA,NA,NA,NA,NA,NA,NA
"2","3","60",3,1,"1",NA,NA,NA,345,345,100,"0","0","0","0",1000,0,0,0,0,"0","-1","-1","-1",0,0,0,"30",0,0,0,0,5,13.2,110,110,110,23.1,30.8,38.5,-1,-1,0,1.4,0,-1,-1,"0",1,"0",0,0,0,0,1,"-1","-1","-1","0","0",3,"6","7","7","65","65","65","-1","-1","1",80,80,80,80,80,65,65,65,65,65,"7400","2","66",0,0,0,0,66,9.5,0,0,1546,"66","66",0,0.8,1.1,1.05,85,0,NA,NA,NA,"0","-1",0,"0",NA,NA,"0",0,0,0,0,0,NA,NA,NA,0,0,1.4,1.727,"30",9,"1","0","0","0",NA,NA,0,"0","2","0","0","1","2",NA,NA,NA,NA,0,0,"RTF 345-1175/2000 F KSI","PK429",597,365,1295,NA,NA,NA,NA,NA,479,165,300,NA,NA,NA,NA,NA,NA,NA
"2","3","60",17,1,"0",NA,NA,NA,25,25,100,"0","0","1","0",1000,0,0,0,0,"0","1","1","1",0,0,0,"30",0,0,0,NA,NA,NA,NA,NA,NA,NA,NA,NA,NA,NA,NA,NA,NA,NA,NA,NA,NA,NA,NA,NA,NA,NA,NA,NA,NA,NA,NA,"0",3,"12","13","13","65","65","65","-1","-1","0",80,80,80,0,0,65,65,65,0,0,"7400","2","12",0,0,0,0,12,6.5,0,0,17273,"12","12",0,0.8,1.1,1.05,85,0,NA,NA,NA,"0","-1",1,"0",NA,NA,"0",0,0,0,0,0,NA,NA,NA,0,0,1.4,1.727,"30",9,"1","0","0","0",NA,NA,1,"0","0","4","0","1","0",NA,NA,NA,NA,0,0,"025T0120HD","PJ916",298,168,478,NA,NA,NA,NA,NA,235,38.1,149,NA,NA,NA,NA,NA,NA,NA
"1","3","60",10,1,"1",NA,NA,NA,138,138,100,"1","1","0","0",1000,0,0,0,0,"0","-1","-1","-1",0,0,0,"30",0,0,0,0,5,13.8,150,150,150,10.5,14,17.5,-1,-1,0,1.4,0,-1,-1,"0",1,"0",0,0,0,0,1,"-1","-1","-1","0","0",3,"6","7","7","65","65","65","-1","-1","1",80,80,80,80,80,65,65,65,65,65,"7400","2","60",0,0,0,0,60,7.5,2800,5600,17273,"60","60",0,0.8,1.1,1.05,85,0,NA,NA,NA,"0","-1",0,"0",NA,NA,"0",0,0,0,0,0,NA,NA,NA,0,0,1.4,1.727,"30",9,"1","0","1","0",NA,NA,0,"0","0","4","0","1","2",NA,NA,NA,NA,0,0,"115W1216AK","HK34",400,228,1092,NA,NA,NA,NA,NA,311,192,244,NA,NA,NA,NA,NA,NA,NA
"2","3","60",16,1,"0",NA,NA,NA,66,66,100,"0","0","0","0",1000,0,0,0,0,"0","1","2","3",0,0,0,"30",73,75,76,NA,NA,NA,NA,NA,NA,NA,NA,NA,NA,NA,NA,NA,NA,NA,NA,NA,NA,NA,NA,NA,NA,NA,NA,NA,NA,NA,NA,"0",3,"6","7","7","65","65","65","-1","-1","0",80,80,80,80,0,65,65,65,65,0,"7400","2","27",0,0,0,0,27,10,0,0,17273,"27","27",0,0.8,1.1,1.05,85,0,NA,NA,NA,"0","-1",1,"0",NA,NA,"0",0,0,0,0,0,NA,NA,NA,0,0,1.4,1.727,"30",10,"0","0","1","0",NA,NA,0,"0","0","4","0","1","0",NA,NA,NA,NA,0,0,"069Z0412AN","PF778",280,176,953,NA,NA,NA,NA,NA,207,38.1,147,NA,NA,NA,NA,NA,NA,NA
"1","3","60",10,1,"1",NA,NA,NA,138,138,100,"1","1","0","0",1000,0,0,0,0,"0","-1","-1","-1",0,0,0,"30",0,0,0,0,5,14.14,150,150,150,18,24,30,-1,-1,0,1.4,0,-1,-1,"0",1,"0",0,0,0,0,1,"-1","-1","-1","0","0",3,"6","7","7","65","65","65","-1","-1","1",80,80,80,80,80,65,65,65,65,65,"7400","2","90",0,0,0,0,90,4.2,2800,5600,17273,"90","90",0,0.8,1.1,1.05,85,0,NA,NA,NA,"0","-1",0,"0",NA,NA,"0",0,0,0,0,0,NA,NA,NA,0,0,1.4,1.727,"30",9,"1","0","1","0",NA,NA,0,"0","2","4","0","1","2",NA,NA,NA,NA,0,0,"115W1216AK","HK34",400,228,1092,NA,NA,NA,NA,NA,311,192,244,NA,NA,NA,NA,NA,NA,NA
"1","3","60",12,1,"1",NA,NA,NA,161,161,100,"1","1","0","0",1000,0,0,0,0,"0","1","2","14",0,0,0,"30",67,69,70,0,5,13.2,150,150,150,12.6,16.8,21,-1,-1,0,1.4,0,-1,-1,"0",1,"0",0,0,0,0,1,"-1","-1","-1","0","0",3,"6","7","7","65","65","65","-1","-1","1",80,80,80,80,0,65,65,65,65,0,"5250","2","72",280,280,27,0,72,5.4,1166,4800,17273,"72","72",0,0.8,1.1,1.05,85,0,NA,NA,NA,"0","-1",1,"0",NA,NA,"0",1,0,0,0,0,NA,NA,NA,300,20,1.2,0.03,"30",10,"0","0","1","0",NA,NA,0,"4","0","4","0","4","4",NA,NA,NA,NA,0,0,"POC750G0800S","PO79",450,267,1276,NA,NA,NA,NA,NA,286,165,225,NA,NA,NA,NA,NA,NA,NA
"2","3","60",16,1,"0",NA,NA,NA,67,67,100,"0","0","0","0",1000,0,0,0,0,"0","-1","-1","-1",0,0,0,"30",0,0,0,NA,NA,NA,NA,NA,NA,NA,NA,NA,NA,NA,NA,NA,NA,NA,NA,NA,NA,NA,NA,NA,NA,NA,NA,NA,NA,NA,NA,"0",3,"6","7","7","60","60","60","-1","-1","0",0,0,0,0,0,0,0,0,0,0,"7400","2","20",0,0,0,0,20,10,3050,5200,17273,"20","20",0,0.8,1.1,1.05,75,0,NA,NA,NA,"0","-1",0,"0",NA,NA,"0",0,0,0,0,0,NA,NA,NA,0,0,1.4,1.727,"30",9,"1","0","1","0",NA,NA,0,"0","0","4","0","1","0",NA,NA,NA,NA,0,0,"069W0412UC","PI185",279,176,952,NA,NA,NA,NA,NA,207,38.1,146,NA,NA,NA,NA,NA,NA,NA
"2","3","60",3,1,"1",NA,NA,NA,138,138,100,"0","0","0","0",1000,0,0,0,0,"0","1","2","40",0,0,0,"30",78,80,81,0,5,13.8,110,110,110,19.2,25.6,32,-1,-1,0,1.4,0,-1,-1,"0",1,"0",0,0,0,0,1,"-1","-1","-1","0","0",3,"6","7","7","65","65","65","-1","-1","0",65,65,65,80,0,50,50,50,65,0,"7400","2","57.6",0,0,0,0,57.6,10,1700,3850,17273,"57.6","57.6",0,0.8,1.1,1.05,85,0,NA,NA,NA,"0","-1",1,"0",NA,NA,"0",0,0,0,0,0,NA,NA,NA,0,0,1.4,1.727,"30",10,"0","0","1","0",NA,NA,0,"0","2","0","0","1","0",NA,NA,NA,NA,0,0,"138Z1216AK","PH401",425,214,1187,NA,NA,NA,NA,NA,278,176,203,NA,NA,NA,NA,NA,NA,NA
"2","3","60",16,1,"0",NA,NA,NA,138,138,100,"0","0","0","0",1000,0,0,0,0,"0","1","2","40",0,0,0,"30",77,79,80,NA,NA,NA,NA,NA,NA,NA,NA,NA,NA,NA,NA,NA,NA,NA,NA,NA,NA,NA,NA,NA,NA,NA,NA,NA,NA,NA,NA,"0",3,"6","7","7","60","60","60","-1","-1","0",70,70,70,0,0,55,55,55,0,0,"7400","2","49",0,0,0,0,49,9,1785,7000,17273,"49","49",0,0.8,1.1,1.05,80,0,NA,NA,NA,"0","-1",1,"0",NA,NA,"0",0,0,0,0,0,NA,NA,NA,0,0,1.4,1.727,"30",10,"0","0","1","0",NA,NA,0,"0","0","4","0","1","0",NA,NA,NA,NA,0,0,"POC650G0800S","HY99",413,235,1187,NA,NA,NA,NA,NA,295,165,203,NA,NA,NA,NA,NA,NA,NA
"2","3","60",16,1,"0",NA,NA,NA,115,115,100,"0","0","0","0",1000,0,0,0,0,"0","-1","-1","-1",0,0,0,"30",0,0,0,NA,NA,NA,NA,NA,NA,NA,NA,NA,NA,NA,NA,NA,NA,NA,NA,NA,NA,NA,NA,NA,NA,NA,NA,NA,NA,NA,NA,"0",3,"6","7","7","65","65","65","-1","-1","0",80,80,80,80,80,65,65,65,65,65,"7400","2","48",0,0,0,0,48,8.5,3925,5982,17273,"48","48",0,0.8,1.1,1.05,85,0,NA,NA,NA,"0","-1",0,"0",NA,NA,"0",0,0,0,0,0,NA,NA,NA,0,0,1.4,1.727,"30",10,"1","0","1","0",NA,NA,0,"0","0","4","0","1","0",NA,NA,NA,NA,0,0,"POC550G0800S","HQ86",387,235,1092,NA,NA,NA,NA,NA,279,165,187,NA,NA,NA,NA,NA,NA,NA
"2","3","60",3,1,"1",NA,NA,NA,138,138,105,"0","0","0","0",1000,0,0,0,0,"0","1","2","40",0,0,0,"30",80,82,83,0,5,13.8,110,110,110,33.25,41.65,55.3,-1,-1,0,1.4,0,-1,-1,"0",1,"0",0,0,0,0,1,"-1","-1","-1","0","0",3,"6","7","7","65","65","65","-1","-1","1",80,80,80,80,80,65,65,65,65,65,"8500","2","95",0,0,0,0,95,10,3000,2000,17273,"95","95",0,0.8,1.1,1.05,85,0,NA,NA,NA,"0","-1",1,"0",NA,NA,"0",1,0,0,0,0,NA,NA,NA,0,0,1.4,1.727,"30",10,"0","0","1","0",NA,NA,0,"4","0","4","0","4","4",NA,NA,NA,NA,0,0,"POC650G0800S","HY99",413,235,1187,NA,NA,NA,NA,NA,295,165,203,NA,NA,NA,NA,NA,NA,NA
"2","3","60",7,1,"1",NA,NA,NA,138,138,105,"0","0","0","0",1000,0,0,0,0,"0","1","2","40",0,0,0,"30",80,82,83,0,5,13.8,110,110,110,33.25,41.65,55.3,-1,-1,0,1.4,0,-1,-1,"0",1,"0",0,0,0,0,1,"-1","-1","-1","0","0",3,"6","7","7","65","65","65","-1","-1","1",80,80,80,80,80,65,65,65,65,65,"7400","2","95",0,0,0,0,95,9.5,3000,2000,17273,"95","95",0,0.8,1.1,1.05,85,0,NA,NA,NA,"0","-1",1,"0",NA,NA,"0",1,0,0,0,0,NA,NA,NA,0,0,1.4,1.727,"30",9,"1","0","1","0",NA,NA,0,"0","0","4","0","1","4",NA,NA,NA,NA,0,0,"POC650G0800S","HY99",413,235,1187,NA,NA,NA,NA,NA,295,165,203,NA,NA,NA,NA,NA,NA,NA
"2","3","60",7,1,"1",NA,NA,NA,138,138,105,"0","0","0","0",1000,0,0,0,0,"0","1","2","40",0,0,0,"30",0,0,0,0,5,13.8,150,150,150,33.25,41.65,55.3,-1,-1,0,1.4,0,-1,-1,"0",1,"0",0,0,0,0,1,"-1","-1","-1","0","0",3,"12","13","13","65","65","65","-1","-1","1",80,80,80,80,0,65,65,65,65,0,"8500","2","95",0,0,0,0,95,9.5,3000,2000,17273,"95","95",0,0.8,1.1,1.05,85,0,NA,NA,NA,"0","-1",1,"0",NA,NA,"0",1,0,0,0,0,NA,NA,NA,0,0,1.4,1.727,"30",10,"0","0","1","0",NA,NA,0,"4","0","4","0","4","4",NA,NA,NA,NA,0,0,"POC650G0800S","HY99",413,235,1187,NA,NA,NA,NA,NA,295,165,203,NA,NA,NA,NA,NA,NA,NA
"2","3","60",16,1,"0",NA,NA,NA,33,33,100,"0","0","0","0",1000,0,0,0,0,"0","1","0","54",0,0,0,"30",70,72,73,NA,NA,NA,NA,NA,NA,NA,NA,NA,NA,NA,NA,NA,NA,NA,NA,NA,NA,NA,NA,NA,NA,NA,NA,NA,NA,NA,NA,"0",3,"6","7","7","55","55","55","-1","-1","0",70,70,70,0,0,55,55,55,0,0,"7400","2","15",0,0,0,0,15,9,0,0,17273,"15","15",0,0.8,1.1,1.05,75,0,NA,NA,NA,"0","-1",1,"0",NA,NA,"0",0,0,0,0,0,NA,NA,NA,0,0,1.4,1.727,"30",2,"0","1","0","0",NA,NA,1,"0","0","4","0","1","0",NA,NA,NA,NA,0,0,"B88843-178-70","PJ482",280,235,825.5,NA,NA,NA,NA,NA,238.1,76,152.4,NA,NA,NA,NA,NA,NA,NA
"2","3","60",3,1,"1",NA,NA,NA,161,161,105,"0","0","0","0",1000,0,0,0,0,"0","1","2","12",0,0,0,"30",82,84,85,0,5,12.47,110,110,110,38.5,51.45,64.4,-1,-1,0,1.4,0,-1,-1,"0",1,"0",0,0,0,0,1,"-1","-1","-1","0","0",3,"6","7","7","65","65","65","-1","-1","1",80,80,80,80,0,65,65,65,65,0,"7400","2","110",0,0,0,0,110,9,3000,2000,17273,"110","110",0,0.8,1.1,1.05,85,0,NA,NA,NA,"1","-1",1,"0",NA,NA,"0",1,0,0,0,0,NA,NA,NA,0,0,1.4,1.727,"30",10,"0","0","1","0",NA,NA,0,"0","2","0","0","1","4",NA,NA,NA,NA,0,0,"POC900G0800CPS","E108",584,267,1537,NA,NA,NA,NA,NA,316,267,257,NA,NA,NA,NA,NA,NA,NA
"2","3","60",7,1,"1",NA,NA,NA,161,161,105,"0","0","0","0",1000,0,0,0,0,"0","1","2","12",0,0,0,"30",82,84,85,0,5,12.47,110,110,110,38.5,51.45,64.4,-1,-1,0,1.4,0,-1,-1,"0",1,"0",0,0,0,0,1,"-1","-1","-1","0","0",3,"6","7","7","65","65","65","-1","-1","1",80,80,80,80,0,65,65,65,65,0,"8500","2","110",0,0,0,0,110,10,3000,2000,17273,"110","110",0,0.8,1.1,1.05,85,0,NA,NA,NA,"1","-1",1,"0",NA,NA,"0",1,0,0,0,0,NA,NA,NA,300,20,1.2,0.03,"30",10,"0","0","1","0",NA,NA,0,"4","0","4","0","4","2",NA,NA,NA,NA,0,0,"POC900G0800CPS","E108",584,267,1537,NA,NA,NA,NA,NA,316,267,257,NA,NA,NA,NA,NA,NA,NA
